Codigo ,Proceso,Responsable,Tipo de hallazgo,Fuente,Descripcion,Fecha reporte,Fecha cierre ultima acción,AccionesPlanteadas
GG,Gerencia General,,C,Interna,"1.NC. 6,1 Acciones para abordar riesgos y oportunidades. Durante la auditoria interna no se evidencia en los documentos: Mapa de Riesgos y Controles Institucionales AM-R-025 y Plan Anticorrupción y Atención al ciudadano GG-PP-005, la identificación de riesgos y oportunidades para el proceso.",2022-10-07,2022-12-31,2
GG,Gerencia General,,C,Interna,"2,NC 9,1,3 Análisis y Evaluación. Durante la auditoria interna se evidencia que el proceso no cuenta con indicadores de gestión, lo cual no permite analizar y evaluar los datos y la información apropiados que surgen por el seguimiento y la medición.",2022-10-07,2022-12-31,2
GG,Gerencia General,,C,Interna,"3,NC 8,4 Control de los procesos, productos y servicios suministrados externamente. Se evidencio que no cumplen con lo establecido en el procedimiento inscripción, selección y evaluación de proveedores y/o proponentes (cuadro en Excel) , así como también no se evidencia para la actividad Reporte de Desempeño a los contratistas mediante una comunicación interna al mismo.",2022-10-07,2022-12-31,2
GG,Gerencia General,,C,Interna,"4,NC 4,2, Comprensión de las necesidades y expectativas de las partes interesadas a través del formato GG-R-014, el cual tiene establecido la empresa para determinarlas.",2022-10-07,2022-12-31,2
GTAR,Gestión Tratamiento Aguas Residuales,,C,Externa,Se tiene proyectado plan de contingencia en caso de corte de energía en la planta de tratamiento de aguas residuales PTAR y este no es acorde con los equipos disponibles,2018-01-29,2018-08-30,5
GTAR,Gestión Tratamiento Aguas Residuales,,C,Interna,"El laboratorio de ensayo de calidad de agua residual de la PTAR LA MARINA, ha identificado que en los ensayos de solidos suspendidos totales SST y demanda química de oxigeno DQO, exceden lo establecido en la resolución 631 de 2015, (SST 90 mg/L y DQO 180 mg/L ), en las aguas de salida de PTAR LA MARINA, con esta información se ha consolidado 97 Trabajos no conformes TNC para el 2020, “Reporte y Gestión del Producto, Servicio y/o Trabajo No Conforme” Código AM-R-010,",2020-12-15,2022-12-31,8
GCT,Gestión Captación y Tratamiento,,C,Interna,"N.C 1. El proceso no asegura que la información documentada se revise, actualice y controle con respecto a la conveniencia, adecuación y uso, NTC- ISO 9001:2015 Numerales 7,5,2 y 7,5,2; AM-P-001 Procedimiento Control de Documentos, actividades ""Control Actualización de Documentos"".
 Evidencias:
 No se evidencia la revisión periódica del Sistema de Gestión de Calidad conforme lo establece el procedimiento AM-P-001.",2022-09-06,2023-01-30,6
GCP,Gestión Control Pérdidas,,C,Interna,Incumplimiento a la meta de reducción del IANC para el mes de marzo de 2016,2016-04-01,2016-12-31,2
GCP,Gestión Control Pérdidas,,C,Interna,Índice de perdidas por suscriptor Facturado por fuera de la meta establecida,2017-07-21,2018-12-31,2
GCP,Gestión Control Pérdidas,,C,Interna,"Incumplimiento de las metas de los indicadores establecidos en el Plan de Acción vigencia 2018 ,% de cumplimiento en Instalación de medidores entregados por el laboratorio de Calibración de Medidores calibrados( después de retiro de medidores y envío a laboratorio para calibración)",2019-01-15,2019-12-30,7
GCP,Gestión Control Pérdidas,,C,Interna,"6.1.1 Al planificar el sistema de gestión de la calidad, la organización debe considerar las cuestiones referidas en el apartado 4.1 (comprensión de la organización y de su contexto) y los requisitos referidos en el apartado 4.2 ( Comprensión de las necesidades y expectativas de las partes interesadas), y determinar los riesgos y oportunidades que es necesario abordar con el fin de .......
 
 Evidencias: No se logró evidenciar que los riesgos identificados en el contexto y partes interesadas son tratados como riesgos.
 Mapa de Riesgos y Controles Institucional AM-R-025 Fecha Actualización 21-08-09
 Evaluación del Contexto Empresas Publicas de Armenia ESP Código: GG-R-009 
 Partes interesadas GG-R-0014",2022-02-21,2022-12-31,4
GCP,Gestión Control Pérdidas,,C,Interna,"9.1.3 Numeral 9.1.3 La organización debe analizar y evaluar los datos y la información apropiados que surgen por el seguimiento y la medición.
 Los resultados del análisis deben utilizarse para evaluar: 
 d) Si lo planificado se ha implementado de forma eficaz
 g) La necesidad de mejoras en el sistema de la gestión de la calidad.
 
 Evidencia: Incumplimiento reiterativo en los indicadores vigencia 2021, no se logro evidenciar la eficacia de las acciones correctivas planteadas: 
 
 CIM: Meta 8400 medidores instalados anualmente, cada trimestre se estableció un cumplimiento así: I Trimestre 10% II- III Trimestre 35 % IV Trimestre 20%. I trimestre 115% II Trimestre 52,52% Se registra incumplimiento para el segundo trimestre por lo que se plantea acción correctiva con fecha de culminación de 30-09-2021.
 
 IMR: la meta del indicador por norma es ≥95% el cual no se ha cumplido para la presente vigencia. I trimestre 93,96% II Trimestre 93,95% se plantea acción correctiva con fecha de culminación de 30-09-2021",2022-02-21,2022-12-31,4
GCP,Gestión Control Pérdidas,,C,Interna,"IME: la meta es ≥95% para el ITrimestre 91,85% II Trimestre 91,62% se plantea acción correctiva con fecha de culminación de 30-09-2021
 
 CRM: la meta son 2200 medidores retirados, para cada trimestre se estableció un cumplimiento así: I Trimestre 10% II- III Trimestre 35 % IVTrimestre 20% Resultados ITrimestre 130% II Trimestre Resultados ITrimestre 130% IITrimestre 26,88% se plantea acción correctiva con fecha de culminación de 30-09-2021
 
 IANC: la meta es ≤ 30% el cumplimiento del ITrimestre es de 38,32% el IITrimestre 36,91% Se plantea acción correctiva con fecha de culminación de 30-09-2021
 
 IPUF: la meta es 6,5765 m³/suscriptor el resultado del primer trimestre es de 7,21 m³/suscriptor IITrimestre 6.8 m³/suscriptor. Se plantea acción correctiva con fecha de culminación de 30-09-2021",2022-02-21,2022-12-31,4
GCP,Gestión Control Pérdidas,,C,Interna,"8,1 Planificación y Control Operacional. La organización debe planificar, Implementar y controlar los procesos necesarios para cumplir requisitos para la provisión de productos y servicios y para Implementar las acciones determinadas en el capitulo 6.mediante literal d) Implementación del control de los procesos de acuerdo con los criterios.
 durante la revisión de las actividades de la caracterización Auditoria de perdidas técnicas y Auditoria de pérdidas no técnicas, no se pudo verificar la ejecución de estas actividades ni las salidas establecidas informes de auditoria. Sin embargo, se pudo evidenciar la ejecución de otras actividades que apuntan al cumplimiento del objetivo del proceso.",2022-12-20,2023-12-31,3
GCP,Gestión Control Pérdidas,,C,Interna,"7,1,5,2 Trazabilidad de la mediciones,
 Al revisar el documento Plan de Verificación, mantenimiento y calibración de equipos GCP-PP-001 vigencia 2021-2022, se evidencia programación de verificación para el equipo topo diaria y para el equipo geófono verificación mensual, al revisar las hojas de vida de ambos equipos, se evidencia que no se esta dando cumplimiento a la frecuencia allí establecida.",2022-12-20,2023-12-31,3
GA,Gestión Aseo,,C,Interna,"10,2 No Conformidad y Acción Correctiva literal d) revisar la eficacia de cualquier acción correctiva tomada. Al revisar le indicador de la actividad de corte y poda de césped ""servicio de corte y poda"" se identifica su incumplimiento para los meses de enero, febrero, mayo,junio,julio; el proceso presenta una acción correctiva que ha sido elaborada a inicios del año 2022 con un plan de acción a implementar, sin embargo durante la auditoria se evidencia que estas acciones no han sido eficaces para eliminar la causa raíz de la no conformidad manifestada por le personal del proceso.",2022-10-01,2023-12-31,4
GRTAR,Gestión Recolección y Transporte,,C,Interna,"NC 1. EL proceso no asegura que la información documentada se revise, actualice y controle con respecto a la conveniencia adecuación y uso. NTC ISO 9001: 2015 Numerales 7,5,2 y 7,5,3; AM-P-001 Procedimiento Control de Documentos, actividades ""Control Actualización de Documentos"" y ""Obligatoriedad de diligenciamiento de los campos de los registros"".
 Evidencias:
 No se evidencia el control periódico de documentos externos ni la revisión periódica del Sistema de Gestión de Calidad.
 Se evidencio el uso de un formato obsoleto GRTAR-R-015 Orden de Visita Técnica V06 22-03-03, diligenciado el 22-09-16 en Versión 6 cuando la versión 7 se normalizó desde el 2022-03-31, Se evidencian más formatos obsoletos diligenciados en el mes de abril.",2022-10-03,2023-08-31,6
GPT,Gestión Planeación Técnica,,C,Interna,No se evidencia seguimiento de la información relativa a la percepción del cliente respecto al cumplimiento de sus requisitos por parte del proceso.,2014-01-30,2014-06-30,2
GPT,Gestión Planeación Técnica,,C,Interna,"Al indagar por el cumplimiento del requisito de Diseño Y Desarrollo de los Servicios de Acueducto y alcantarillado. Aseo se evidencio en el Proyecto denominado Traslado de las Líneas Expresa de Occidente(Sector Macana) que:*Entre las entradas para el diseño no se tiene en cuenta las disponibilidades del Servicio de Acueducto existente en el proceso que puede generar un cambio en el diámetro se material, etc., de la Tuberia.*No se evidencia los controles de diseño y desarrollo, Revisiones ,Verificación, Validación,*No se evidencias los controles ejercidos por Gestión Planeación Técnica de los cambios en el Diseño y Desarrollo.",2018-03-09,2018-12-31,4
GPT,Gestión Planeación Técnica,,C,Interna,"Teniendo en cuenta el objetivo del Proceso el cual dice ""Orientaren Forma Eficaz los Planes y Programas para El Desarrollo Técnico y Ambiental de los Servicios Públicos Domiciliarios de Acueducto, Alcantarillado, Aseo. En el Municipio de Armenia, se pregunto por la Actualización y Socialización del Plan Maestro de Acueducto y Alcantarillado (PMAA) como Fuente Esencial para su alcance nos e evidencio avance para la vigencia del 2017.",2018-02-09,2018-04-20,4
GPT,Gestión Planeación Técnica,,C,Interna,"Al solicitar la Hoja de Vida, el instructivo de trabajo para la Estación de Topográfica PENTAX W825-NX,Relacionado en el plan de Verificación, Mantenimiento y Calibración de Equipo GPT-PP-003, Se Evidencio que este Equipo fue comprado para el momento en que se envié el Estación Total Pentax WB325-N a Ejecutar Mantenimiento y /o Calibración, hace aproximadamente 3 años, pero no se ha utilizado por falta de un manual de manejo.",2018-03-09,2018-12-31,3
GPT,Gestión Planeación Técnica,,C,Interna,No se dio cumplimiento a la meta de 25 días establecida para medir la oportunidad la expedición de la disponibilidades de los servicios de Acueducto y Alcantarillado a partir del momento de recepción de la solicitud.,2018-03-13,2018-12-31,4
GPT,Gestión Planeación Técnica,,C,Interna,"Requisito 7.5. Información documentada. 7.5.3.2 La información documentada conservada como evidencia de la conformidad debe protegerse contra modificaciones no intencionadas.
 Durante la auditoría para la actividad de Levantamientos Topográficos se evidencia el diligenciamiento del formato cartera de nivelación GPT-R-034 a lápiz, lo cual no protege la información allí registrada de cambios no intencionados.
 No.2. Requisito 8. Operación. 8.1 Planificación y Control operacional. La organización debe planificar, implementar, y controlar los procesos necesarios para cumplir los requisitos para la provisión de productos y servicios y para implementar las acciones determinadas en el capítulo 6, mediante: literal e) la determinación, el mantenimiento y la conservación de la información documentada en la extensión necesaria para: 1) tener confianza en que los procesos se han llevado a cabo según lo planificado. 2) demostrar la conformidad de los productos y servicios con sus requisitos.",2022-02-21,2022-07-30,4
GPT,Gestión Planeación Técnica,,C,Interna,"Durante la auditoría no fue fácil identificar procedimental como se lleva a cabo la actividad de Levantamiento topográfico, ya que no cuentan con un instructivo o procedimiento que permita realizar la trazabilidad de la misma. Adicionalmente, durante la revisión de la documentación aplicable a la actividad como son los registros: Solicitud de Información Interna y Externa GPT-R-015, GPT-R-020 Informe de Topografía, GPT R 014 Reporte Técnico, Cartera de nivelación GPT-R-034, se evidencia casillas sin diligenciar, nombre y firma de responsables de actividades, firmas de los funcionarios que participaron en las visitas, que entregan y reciben la información relevante de la actividad y con la cual se toman decisiones; lo anterior se identifica a la evidencia auditada: visita realizada al barrio Ciudad Dorada MZ 8, 9, 10 y 11, cámaras 1019 y 1018 en el mes de febrero y que corresponde a una solicitud del gestor de Recolección y Transporte de Aguas Residuales.",2022-02-21,2022-07-30,4
GPT,Gestión Planeación Técnica,,C,Interna,"Requisito 7. Apoyo. 7.1 Recursos. 7.1.3 Infraestructura La organización debe determinar, proporcionar y mantener la infraestructura necesaria para la operación de sus procesos y lograr la conformidad de los productos y servicios: b) equipos y servicios asociados.
 Al solicitar evidencia del mantenimiento, verificación y/o calibración de los equipos (estaciones PENTAX V325N y Pentax W-825) al responsable de la actividad levantamiento topográfico, el suministra el registro Hoja de vida de equipos código LECA R 044 Hoja de Vida del Equipamiento V 03 en el cual se evidencia el diligenciamiento de la primera página, la cual consiste en la descripción de características de los equipos y en donde se establece que acciones requieren los mismos para garantizar su correcto funcionamiento; para estos equipos se tiene establecido una verificación bimensual, un",2022-02-21,2022-12-31,4
GPT,Gestión Planeación Técnica,,C,Interna,"mantenimiento preventivo mensual y una calibración anual y al indagar por el cumplimiento de esto, se evidencia que no se ha realizado nada a los equipos desde el año 2016, igualmente no se tiene en las carpetas de los equipos la página 2 del formato Hoja de Vida del Equipamiento LECA R 044, que es la parte en donde se debe registrar todas las acciones de intervención en los equipos. 
 Así mismo, se evidencia incumplimiento al Plan de verificación, mantenimiento y calibración de equipos GPT PP 003 V04, actualizado el 21/03/15, donde se establecen acciones de mantenimiento mensuales, de verificación trimestrales.
 Lo anterior no permite garantizar el correcto funcionamiento de los equipos.",2022-02-21,2022-12-31,4
GPT,Gestión Planeación Técnica,,C,Interna,"Requisito 8. Operación. 8.1 Planificación y Control operacional. La organización debe planificar, implementar, y controlar los procesos necesarios para cumplir los requisitos para la provisión de productos y servicios.
 Al solicitar la evidencia de la actividad Actualizar y socializar el Plan Maestro de Acueducto y Alcantarillado (PMAA), que se encuentra establecida en la caracterización del proceso GPT-D-001 V19, se informa que este documento no ha sido actualizado desde el año 2015 y más aun teniendo en cuenta que la empresa cuenta con un Plan de Saneamiento y Manejo de Vertimientos PSMV a un horizonte de 30 años, igual que un marco tarifario por 10 años y un nuevo plan de desarrollo municipal de 4 años y por lo tanto el documento precisa de actualización.
 Es de resaltar que le empresa viene gestionando y ejecutando importantes obras de alcantarillado en cumplimiento al PSMV y en el compromiso de descontaminación de las fuentes hídricas receptoras de vertimientos.",2022-02-21,2023-12-31,4
GPT,Gestión Planeación Técnica,,C,Interna,"Numeral 6.1.1 Al planificar el sistema de gestión de la calidad, la organización debe considerar las cuestiones referidas en el apartado 4.1 (comprensión de la organización y de su contexto) y los requisitos referidos en el apartado 4.2 ( Comprensión de las necesidades y expectativas de las partes interesadas), y determinar los riesgos y oportunidades que es necesario abordar con el fin de: a) asegurar que el sistema de gestión de la calidad pueda lograr sus resultados previstos; b) aumentar los efectos deseables; c) prevenir o reducir efectos no deseados; d) lograr la mejora.",2022-02-21,2022-10-31,4
GPT,Gestión Planeación Técnica,,C,Interna,"No se logró evidenciar que los riesgos identificados en el contexto y partes interesadas del proceso son abordados como riesgos. Evidencias: Mapa de Riesgos y Controles Institucional AM-R-025 - Proceso Gestión Planeación Técnica, fecha de actualización del 2021/01/02, Evaluación del Contexto GG-R-009 del proceso Gestión Planeación Técnica, Determinación, seguimiento y evaluación de los requisitos, necesidades y expectativas de las partes interesadas GG-R-0014 del proceso Gestión Planeación Técnica.",2022-02-21,2022-10-31,4
GPT,Gestión Planeación Técnica,,C,Interna,"Numeral 9.1.1 La organización debe determinar los métodos de seguimiento, medición, análisis y evaluación necesarios para asegurar resultados válidos…. La organización debe conservar la información documentada apropiada como evidencia de los resultados.
 No se pudo realizar la trazabilidad de los datos fuente utilizados en el calculo de los indicadores del 1 trimestre de 2021: levantamiento topográfico y Disponibilidad de servicios públicos de acueducto y alcantarillado.",2022-02-21,2022-12-31,4
DJSG,Dirección Jurídica y Secretaria General,,C,Interna,"9,1,1 b NTC-ISO-9001:2015 Los metodos de seguimiento, medición y análisis y evaluación necesarios para asegurar resultados válidos: se evidencio en el indiccador de Conceptos Juridicos, para los meses de marzo-abril y julio-agosto de 2022 que la información reportada como conceptos juridicos emitidos no coincide con la fuente de esos datos, de igual manera, el denominador ""cantidad de conceptos juridicos solicitados"" se determina en función de los conceptos juridicos emitidos.",2023-01-05,2023-07-04,4
DJSG,Dirección Jurídica y Secretaria General,,C,Interna,"7,5,3,2 c) Control de Cambio. Al revisar el Listado Maestro de Documentos de AM-R-003 DJDG, no se evidencia la actualización de la normatividad aplicable a la dección y algunos links no correspónden con la norma a consultar.",2023-01-05,2023-04-17,4
DC,Dirección Comercial,,C,Interna,"7.5.3 Control de la información documentada. En la auditoria se observó que el registro Solicitud de Acueducto, Alcantarillado y Aseo. DC-R-009 está publicado en la página web en el link de tramites y servicios la versión 01, la versión vigente es la 02.",2022-02-21,2022-12-31,6
DC,Dirección Comercial,,C,Interna,"8,4,2 d) Tipo y alcance del control. Se evidencia que en las ordenes de suspensión el contratista de FRC con su APP toma la fotos como evidencia de loa suspensiones del servicio y es cargada a la matricula correspondiente en el aplicativo ARQ de EPA ESP. las fotos tomadas no son coherentes ni corresponden con la actividad realizada a la causal de suspensión.",2022-02-21,2022-12-31,5
DC,Dirección Comercial,,C,Interna,"NC.1 6,1,2 No se evidencia la Socialización de los procedimientos: DC-P-014,DC-P-015,DC-P-016 creados en el año 2022, dicha actividad de socialización se encuentra planteada en el Mapa de Riesgos AM-R-025 de la Dirección Comercial como una acción para abordar el riesgo #2.",2022-12-10,2023-07-20,3
DC,Dirección Comercial,,C,Externa,"NC. 2-7,5 Los registros C-R-004 y C-R-015 se encuentran publicados en le SGI pero ya no se usan en el proceso: el registro C-R-013 no tiene nombre ni firma de quien: elabora, revisa y/o aprueba y se encontraron errores en el diligenciamiento del mismo en la carpeta del año 2022. De forma reiterativa se observan registros con tachones e información que no corresponde al cuerpo del formato.",2022-12-20,2023-12-31,3
DC,Dirección Comercial,,C,Externa,"NC.3-8,4 Se evidencia el uso del registro CGCP-R-014 V2 que no existe en los documentos del SGI, el uso del mismo se da ya que es un reporte que arroja el aplicativo de software del sistema comercial de EPA.ESP.",2022-12-20,2023-07-20,3
GDAP,Gestión Distribución de Agua Potable,,C,Externa,No presentan acciones abiertas,2022-02-21,2022-10-31,1
DF,Dirección de Financiamiento,,C,Interna,No presentan acciones abiertas,2022-02-21,2022-12-31,1
DTIC,Dirección de Tecnologías de la Información y las comunicaciones,,C,Interna,No presentan acciones abiertas,2023-01-05,2023-07-04,1
DCG,Dirección Control de Gestión,,C,Interna,"En el listado maestro de documentos AM-R-003 del proceso Dirección Control Gestión se encuentra desactualizado los documentos externos incumpliendo el numeral 8.1a, así como el numeral 7,5,2 c",2022-08-12,2022-12-31,3
GR,Gestión de Recursos,,C,Interna,"NC.1 Contra el requisito NTC ISO 9001:2015 Numerales 7,5,3. c)Control de cambios (por ejemplo, control de Versión); para la información documentada de origen externo.
 
 Se evidencia que en el listado Maestro de Documentos código (AM-R-003 GR), Versión 14 con Fecha de Emisión del 14 de diciembre de 2016 y de actualización 13 de septiembre de 2022, se encontró normatividad que ya no aplica al proceso como (decreto 132, 232 y 457 de 2020)",2022-11-08,2022-12-31,3
GTH,Gestión Talento Humano,,C,Interna Contratada,"Se evidencia elemento de botiquín de la oficina de Gestión Recursos (espuma yodopovidona) vencido, el cual ya se encontraba identificado como vencido previamente en el registro GTH-R-010, lo cual contraviene con el numeral 8,1 d, de la norma NTC-ISO-9001:2015",2022-11-03,2022-12-31,6
GTH,Gestión Talento Humano,,C,Interna,Se evidencia registro GTH-R-010 archivados diligenciados a lápiz y sin firmas.,2022-11-03,2023-12-31,4
DPC,Dirección de Planeación Corporativa,,C,Interna,No se evidencian los controles para el tratamiento de las aguas proveniente del lavado de vehículos en los patios de ASEO.,2019-11-21,2020-12-30,3
DPC,Dirección de Planeación Corporativa,,C,Interna,Se evidencio la materialización de un impacto ambiental consistente en contaminación de suelo por inadecuado manejo de derivados del petróleo (Grasas y Aceites de motor) en la zona de patio contiguo al taller de aseo. Incumpliendo los controles planificados en la matriz de Aspectos e Impactos Ambientales.,2022-12-22,2023-12-31,4
DCM,Comunicaciones,,C,Interna Contratada,"7.5.3 Control de la información documentada. *En la auditoria se observó que el registro Contexto de Dirección de Comunicaciones GG-R-009 se encuentra diligenciado en la versión 01, Necesidades y expectativas de las partes interesadas GG-R-014 de Dirección de Comunicaciones no se encuentra diligenciada. *La carpeta de los Normativos del Sistema de Gestión Integrado se encuentra desactualizada.",2022-03-01,2022-04-30,7
DCM,Comunicaciones,,C,Interna,"NTC ISO 9001--9,3,2 Entradas por la revisión por la dirección y 9,3,3 salidas de la revisión por la dirección -- Los auditados, manifiestan no conocer ni haber realizado revisión por la dirección, haber evaluado documentos y registros Acta de revisión por la dirección de los procesos Código : GG-R-013 Versión: 10 Fecha de Emisión: 21-12-29",2022-11-01,2023-12-31,5
DCM,Comunicaciones,,C,Interna Contratada,"NTC ISO 9001 7,5,3,1 Control de la información documentada-- Se evidencia quie no realizan copias de seguridad, no se encuentran las entregas de copias de mayo, junio 2022, esto incumplimiendo la guia de administraciópn de sistemas de información DTIC G 002 versión 7 20-08-24 numeral 7, donde especifica que deben hacerse copias de seguridad mensuales",2022-11-01,2023-12-31,4
DCM,Comunicaciones,,C,Interna,"NTC ISO 9001 7,5 Información documentada--Se evidencia que el listado maestro de documentos Código: AM-R-003 Versión: 14 Fecha de Emisión: 16-12-14, verificado los enlaces del decreto 1499 de 20017, decreto 612 de 2018 y otros no se pueden traer en la casila Recuperación Fisica o Dirección de la pagina Web, Las siguientes normas se encuentran desactualizadas, debido a que algunas fueron derogadas o reemplazadas, estas son: decreto 132 del 2020, decreto 142 del 2020, decreto199 de 2022, Algunas normas que si aplican al proceso como lo son: Ley 1712 de 2014, no se encuentran en el indentificación documentos Externos.",2022-11-01,2023-12-31,4
DCM,Comunicaciones,,C,Interna Contratada,"NC No. 4. NTC ISO 9001 7,5,3,2,Se evidencia el documento Plan de Comunicaciones Código: DCM-PP-001 Versión: 10 Fecha de Emisión: 21-12-07, Se evidencia que el documento vigente es para el año 2021, con lo cual se encuentra desactualizado y presenta 15 indicadores los cuales no son evidenciados al momento de solicitarlos al proceso, frente a unas metas establecidas en el proceso.
 NC No. 5. NTC ISO 9001 7,5,3,2 ,Se analiza el documento Plan de Comunicación Interna Código: DCM-PP-002 Versión: 1 Fecha de Emisión: 19-06-25, Se evidencia que el documento vigente es para el año 2019, con lo cual se encuentra desactualizado y presenta 7 indicadores los cuales no son evidenciados al momento de solicitarlos al proceso, frente a unas metas establecidas en el proceso.",2022-11-01,2023-12-31,4
DCM,Comunicaciones,,C,Interna,"NTC ISO 9001 7,1,3 Infraestrutura - Preguntado, sobre las hojas de vida de los equipos que son utilizados en el proceso , como cámaras y demás. El proceso no evidencia la elaboración de hojas de vida de equipos, en la empresa existe Hoja de vida del Equipamiento y maquinaria Código: LCM-R-002 Versión: 04 Fecha de Emisión: 20-09-28, el cual se consolido para todos los equipos de EPA ESP, excepto para equipos de maquinaria amarilla.",2022-11-01,2023-12-31,4
DCM,Comunicaciones,,C,Externa,"NTC ISO 9001 7,5 Información documentada---- Verificada la aplicación de la tabla de retención documental Código: GR-R-001 Versión: 05 Fecha de Emisión: 19-08-27, Se evidencia que el proceso no lleva lo establecido Manual de Prcesos y Procedimientos Código: GR-P-008 Versión: 06 fecha de EMisión: 21-11-05 2,Procedimiento:Recepción, digitalización, distribución, elaboración de inventarios documentales, trasferencias documentales, conservación y disposición final de Información primaria y Secundaria (documentos internos y externos) de EMpresas Públicas de Armenia E.S.P Al no marcar las carpetas como lo estabolece la tabla de retencuión documental Código: GR-R-011 Versión: 05 Fecha de Emisión: 19-08-27",2022-11-01,2023-12-31,4
AM,Análisis y Mejora,,C,Externa,No presentan acciones abiertas,2022-11-01,2023-12-31,4
LECA,Laboratorio Ensayo de Calidad de Agua,,C,Interna,No se sigue los lineamientos establecidos en el procedimiento de Gestión comercial de los servicios de los Laboratorios de Ensayos de Calidad de Agua (LECA) y Calibración de Medidores (LCM) con código DC-P-011 y matriz de conflicto de interés de los laboratorios.,2022-08-08,2023-30-03,5
LCM,Laboratorio Calibración de Medidores,,C,Interna,No se sigue los lineamientos establecidos en el procedimiento de Gestión comercial de los servicios de los Laboratorios de Ensayos de Calidad de Agua (LECA) y Calibración de Medidores (LCM) con código DC-P-011 y matriz de conflicto de interés de los laboratorios.,2022-08-08,2023-30-03,5
GG,Gerencia General,,C,Interna,"NC1. numeral 9.1.1.d de la Norma NTC ISO 9001: 2015 EVALUACION DEL DESEMPEÑO: La orginación debe evaluar el desempeño la eficacia del sistema de gestión de la calidad, la organización debe conservar la información documentada apropiada como evidencia de los resultados.
 No se evidencia el seguimiento y análisis y el reporte que realiza el proceso al indicador ""cumplimiento de la evalución y revaluación de proveedores"", cuyo periodo de evaluación y reporte es semestral.",2023-12-18,2024-01-30,3
GG,Gerencia General,,C,Externa,"NC2. numeral 7.5.3.2 de la Norma NTC ISO 9001: 2015. Para el control de la información documentada, la organización debe abordar las siguientes actividades.
 La información documentada de origen externo.
 No se evidencia acta de la revisión de la actualización de documentos anuales del proceso, por lo cual no se esta cumpliendo con el Manual de Procesos y Procedimientos código (AM-P-001), procedimiento Control de documentos, al igual en los procesos para los documentos externos se deben revisa trimestralmente teniendo prioridad la normatividad aplicable a cada proceso.",2023-12-18,2024-04-30,3
GTAR,Gestión Tratamiento Aguas Residuales,,C,Interna Contratada,"9,1,3 Se tiene proyectado plan de contingencia en caso de corte de energía en la planta de tratamiento de aguas residuales PTAR y este no es acorde con los equipos disponibles",2018-01-29,2018-07-31,5
GTAR,Gestión Tratamiento Aguas Residuales,,C,Externa,"8,7
 El laboratorio de ensayo de calidad de agua residual de la PTAR LA MARINA, ha identificado que en los ensayos de solidos suspendidos totales SST y demanda química de oxigeno DQO, exceden lo establecido en la resolución 631 de 2015, (SST 90 mg/L y DQO 180 mg/L ), en las aguas de salida de PTAR LA MARINA, con esta información se ha consolidado 97 Trabajos no conformes TNC para el 2020, “Reporte y Gestión del Producto, Servicio y/o Trabajo No Conforme” Código AM-R-010,",2020-12-15,2020-12-31,10
GCP,Gestión Control Pérdidas,,C,Interna,9.1.3Incumplimiento a la meta de reducción del IANC para el mes de marzo de 2016,2016-04-01,2016-12-31,1
GCP,Gestión Control Pérdidas,,C,Interna Contratada,9.1.3 Índice de perdidas por suscriptor Facturado por fuera de la meta establecida,2017-07-21,2018-12-31,1
GCP,Gestión Control Pérdidas,,C,Interna,"9.1.3 Incumplimiento de las metas de los indicadores establecidos en el Plan de Acción vigencia 2018 ,% de cumplimiento en Instalación de medidores entregados por el laboratorio de Calibración de Medidores calibrados( después de retiro de medidores y envío a laboratorio para calibración)",2019-01-15,2019-11-30,7
GCP,Gestión Control Pérdidas,,C,Externa,"9.1.3 Numeral 9.1.3 La organización debe analizar y evaluar los datos y la información apropiados que surgen por el seguimiento y la medición.
 Los resultados del análisis deben utilizarse para evaluar: 
 d) Si lo planificado se ha implementado de forma eficaz
 g) La necesidad de mejoras en el sistema de la gestión de la calidad.
 
 Evidencia: Incumplimiento reiterativo en los indicadores vigencia 2021, no se logro evidenciar la eficacia de las acciones correctivas planteadas: 
 
 CIM: Meta 8400 medidores instalados anualmente, cada trimestre se estableció un cumplimiento así: I Trimestre 10% II- III Trimestre 35 % IV Trimestre 20%. I trimestre 115% II Trimestre 52,52% Se registra incumplimiento para el segundo trimestre por lo que se plantea acción correctiva con fecha de culminación de 30-09-2021.
 
 IMR: la meta del indicador por norma es ≥95% el cual no se ha cumplido para la presente vigencia. I trimestre 93,96% II Trimestre 93,95% se plantea acción correctiva con fecha de culminación de 
 30-09-2021",2022-02-21,2022-05-31,4
GCP,Gestión Control Pérdidas,,C,Interna Contratada,"9.1.3 Numeral 9.1.3
 
 IME: la meta es ≥95% para el ITrimestre 91,85% II Trimestre 91,62% se plantea acción correctiva con fecha de culminación de 30-09-2021
 
 CRM: la meta son 2200 medidores retirados, para cada trimestre se estableció un cumplimiento así: I Trimestre 10% II- III Trimestre 35 % IVTrimestre 20% Resultados ITrimestre 130% II Trimestre Resultados ITrimestre 130% IITrimestre 26,88% se plantea acción correctiva con fecha de culminación de 30-09-2021
 
 IANC: la meta es ≤ 30% el cumplimiento del ITrimestre es de 38,32% el IITrimestre 36,91% Se plantea acción correctiva con fecha de culminación de 30-09-2021
 
 IPUF: la meta es 6,5765 m³/suscriptor el resultado del primer trimestre es de 7,21 m³/suscriptor IITrimestre 6.8 m³/suscriptor. Se plantea acción correctiva con fecha de culminación de 30-09-2021",2022-02-21,2022-05-31,4
GCP,Gestión Control Pérdidas,,C,Externa,"Numeral 9.1.3 La organización debe analizar y evaluar los datos y la informacion apropiados que surgen por el seguimiento y la medicion.
 Los resultados del analisis deben utilizarse para evaluar:
 d) Si lo planificado se ha implentado de forma eficaz
 g) La necesidad de mejoras en el sistema de la gestion de la calidad.
 
 Evidencia: Incumplimiento reiterativo en los indicadores vigencia 2023, no se logro evidenciar la eficacia de las acciones correctivas planteadas:
 
 IME: la meta del indicador
 por norma es ≥95% el cual no se ha cumplido para la presente vigencia. I trimestre (90,48% - 90,23%-90,28%) II Trimestre ( 90,43% 91,05%-94,49%) se plantea accion correctiva con fecha de culminacion de 30-06-2023.
 
 IMR: la meta es ≥95% para el I Trimestre 92,10% -91,79%-92,29% II Trimestre 92,12%-92,52%-92,79% se plantea accion correctiva con fecha de culminacion de 15-08-2023.
 
 IMN: la meta es ≥95% para el I Trimestre 98,12%-98,30%-97,62% II Trimestre 98,17%-98,41%-98,59%
 
 IANC: la meta es ≤ 30% el cumplimiento del I Trimestre es de 33,83%-26,38%-35,30% el II Trimestre 34,58%-36,35%-31,87% Se plantea accion correctiva con fecha de culminacion de 31-12-2023.",2023-12-30,2024-12-31,3
GCP,Gestión Control Pérdidas,,C,Interna,"Numeral 7.2 Competencia. La organización debe:
 d) Conservar la documentacion apropiada como evidencia de la competencia
 Evidencia:No se logro evidenciar documentos que avalen la capacitacion del personal del proceso ni las reinducciones en temas relacionados con el desarrollo de sus funciones y competencias.",2023-12-30,2024-12-31,3
GCP,Gestión Control Pérdidas,,C,Externa,"Numeral 4,4.1 La organización debe determinar los procesos necesarios para para el sistema de gestion de la calidad y su aplicación a traves de la organización, y debe:
 a) Determinar las entadas requeridas y las salidas esperadas de estos procesos.
 Evidencia: La caracterizacion incluye una actividad que nunca se ha realizado eN la Gestion ""Desmonte de acometidas de Acueducto Inactivas"", no se logró establecer evidencias del desarrollo, ni controles de esta actividad.",2023-12-30,2024-12-31,3
GRTAR,Gestión Recolección y Transporte,,C,Externa,"Se evidencia incumplimiento al numeral 8.1 ya que los funcionarios adscritos al proceso no cuentan con certificado de espacios confinados, toda vez que se verifica la información consignada en la guía GRTAR-G-001 en el punto de descenso y no se cuenta con los respectivos certificados.",2023-09-16,2024-12-31,3
GRTAR,Gestión Recolección y Transporte,,C,Externa,"Se observa incumplimiento al numeral 7.1.5.2 (trazabilidad de las mediciones), ya que se solicita el Plan de Calibración, Mantenimiento y Verificación del equipo de medición de gases y no se cuenta con evidencia, adicionalmente no se observan calibraciones del equipo desde el año 2019.
 NOTA: Por parte del proceso GRTARse tiene evidenciapor medio de la cual se ha venido solicitando al proceso encargado de las calibraciones de equipos de la Empresa; el área de Subgerencia Técnica, LECA y el área de S.S.S.T. quienes suministran los equipos requeridos al proceso GRTAR; para la calibración de dichos equipos. Lo anterior aclarando que GRTAR realizó la gestión para tal fin, pero no es el proceso competente ni autorizado para ejecutar dicha actividad.",2023-09-16,2024-12-31,3
GRTAR,Gestión Recolección y Transporte,,C,Interna Contratada,"Se evidencia que las Órdenes de Trabajo de Cuadrillas (GRTAR-R-007), Orden de Inspección con Video (GRTAR-R-014) y Orden de Visita Técnica (GRTAR-R-015) tienen encuesta de satisfacción al cliente y el proceso no realiza consolidación ni análisis de la información, lo que genera incumplimiento al numeral 9.1.3 Análisis de la Información literal b. el grado de satisfacción del cliente.",2023-09-30,2024-12-31,3
GRTAR,Gestión Recolección y Transporte,,C,Interna,"N.C . No se evidencia cumplimiento al numeral 7.5.3 Control de la Información Documentada literal C 7.5.3.2 toda vez que revisadas la matriz GG-R-009 y de Partes Interesadas GG-R-014, se encuentran en versiones anteriores a las publicadas actualmente, se observa que en el contexto identifican riesgos que no son abordados en el mapa de riesgos y controles numeral 6.1. Adicicionalmente se observa instructivo de limpieza manual de sumideros GRTAR-I-002 en el relacionan un registro GRTAR-R-005 el cual fue dado de baja pero se encuentra publicado con otro nombre en la intranet. (CONTROL LODOS)",2023-09-30,2024-12-31,3
GRTAR,Gestión Recolección y Transporte,,C,Interna,"Se observa incumplimiento al numeral 9.1 seguimiento, medición, análisis y evaluación toda vez que no se observa diligenciamiento de la hoja de vida del indicador reclamación operativa, y el cálculo del indicador de ejecución presupuestal se encuentra en versión anterior a la publicada actualmente, de acuerdo a los lineamientos generados en la guia DPC-G-002.",2023-09-30,2024-07-31,3
GPT,Gestión Planeación Técnica,,C,Interna,"8,3 Al indagar por el cumplimiento del requisito de Diseño Y Desarrollo de los Servicios de Acueducto y alcantarillado. Aseo se evidencio en el Proyecto denominado Traslado de las Líneas Expresa de Occidente(Sector Macana) que:*Entre las entradas para el diseño no se tiene en cuenta las disponibilidades del Servicio de Acueducto existente en el proceso que puede generar un cambio en el diámetro de material, etc., de la Tuberia.*No se evidencia los controles de diseño y desarrollo, Revisiones ,Verificación, Validación,*No se evidencias los controles ejercidos por Gestión Planeación Técnica de los cambios en el Diseño y Desarrollo.",2018-03-09,2018-03-28,4
GPT,Gestión Planeación Técnica,,C,Externa,"7,1,5 Al solicitar la Hoja de Vida, el instructivo de trabajo para la Estación de Topográfica PENTAX W825-NX,Relacionado en el plan de Verificación, Mantenimiento y Calibración de Equipo GPT-PP-003, Se Evidencio que este Equipo fue comprado para el momento en que se envié el Estación Total Pentax WB325-N a Ejecutar Mantenimiento y /o Calibración, hace aproximadamente 3 años, pero no se ha utilizado por falta de un manual de manejo.",2018-03-09,2018-12-31,4
GPT,Gestión Planeación Técnica,,C,Interna,"Requisito 7.5. Información documentada. 7.5.3.2 La información documentada conservada como evidencia de la conformidad debe protegerse contra modificaciones no intencionadas.
 Durante la auditoría para la actividad de Levantamientos Topográficos se evidencia el diligenciamiento del formato cartera de nivelación GPT-R-034 a lápiz, lo cual no protege la información allí registrada de cambios no intencionados.
 No.2. Requisito 8. Operación. 8.1 Planificación y Control operacional. La organización debe planificar, implementar, y controlar los procesos necesarios para cumplir los requisitos para la provisión de productos y servicios y para implementar las acciones determinadas en el capítulo 6, mediante: literal e) la determinación, el mantenimiento y la conservación de la información documentada en la extensión necesaria para: 1) tener confianza en que los procesos se han llevado a cabo según lo planificado. 2) demostrar la conformidad de los productos y servicios con sus requisitos.",2022-02-21,2022-07-30,4
GPT,Gestión Planeación Técnica,,C,Externa,"Durante la auditoría no fue fácil identificar procedimental como se lleva a cabo la actividad de Levantamiento topográfico, ya que no cuentan con un instructivo o procedimiento que permita realizar la trazabilidad de la misma. Adicionalmente, durante la revisión de la documentación aplicable a la actividad como son los registros: Solicitud de Información Interna y Externa GPT-R-015, GPT-R-020 Informe de Topografía, GPT R 014 Reporte Técnico, Cartera de nivelación GPT-R-034, se evidencia casillas sin diligenciar, nombre y firma de responsables de actividades, firmas de los funcionarios que participaron en las visitas, que entregan y reciben la información relevante de la actividad y con la cual se toman decisiones; lo anterior se identifica a la evidencia auditada: visita realizada al barrio Ciudad Dorada MZ 8, 9, 10 y 11, cámaras 1019 y 1018 en el mes de febrero y que corresponde a una solicitud del gestor de Recolección y Transporte de Aguas Residuales.",2022-02-21,2022-05-31,4
GPT,Gestión Planeación Técnica,,C,Interna,"Requisito 7. Apoyo. 7.1 Recursos. 7.1.3 Infraestructura La organización debe determinar, proporcionar y mantener la infraestructura necesaria para la operación de sus procesos y lograr la conformidad de los productos y servicios: b) equipos y servicios asociados.
 Al solicitar evidencia del mantenimiento, verificación y/o calibración de los equipos (estaciones PENTAX V325N y Pentax W-825) al responsable de la actividad levantamiento topográfico, el suministra el registro Hoja de vida de equipos código LECA R 044 Hoja de Vida del Equipamiento V 03 en el cual se evidencia el diligenciamiento de la primera página, la cual consiste en la descripción de características de los equipos y en donde se establece que acciones requieren los mismos para garantizar su correcto funcionamiento; para estos equipos se tiene establecido una verificación bimensual, un .......",2022-02-21,2022-05-31,4
GPT,Gestión Planeación Técnica,,C,Interna,"un mantenimiento preventivo mensual y una calibración anual y al indagar por el cumplimiento de esto, se evidencia que no se ha realizado nada a los equipos desde el año 2016, igualmente no se tiene en las carpetas de los equipos la página 2 del formato Hoja de Vida del Equipamiento LECA R 044, que es la parte en donde se debe registrar todas las acciones de intervención en los equipos. 
 Así mismo, se evidencia incumplimiento al Plan de verificación, mantenimiento y calibración de equipos GPT PP 003 V04, actualizado el 21/03/15, donde se establecen acciones de mantenimiento mensuales, de verificación trimestrales.
 Lo anterior no permite garantizar el correcto funcionamiento de los equipos.",2022-02-21,2022-05-31,4
GPT,Gestión Planeación Técnica,,C,Externa,"NC1. Requisito 8. Operación. 8.1 Planificación y Control operacional. La organización debe planificar, implementar, y controlar los procesos necesarios para cumplir los requisitos para la provisión de productos y servicios y para implementar las acciones determinadas en el capítulo 6, mediante: Iteral d) la implementación del control de los procesos de acuerdo con los criterios.
 
 Durante la auditoría se revisó archivo en Excel nombrado ESTADO DISEÑOS 2 observó, diseñadores-julio, herramienta en la cual el proceso se manifiesta que realizan el control de la actividad de Diseño y Desarrollo de los servicios de acueducto y alcantarillado; sin embargo se observó, que no está diligenciado de manera completa, el personal auditado no tuvo claridad sobre los campos que solicita el archivo ni sobre la forma en la que se calcula el tiempo transcurrido entre la fecha de solícitud del diseño y la fecha en la cual se finalizó el mismo, dicha herramienta no proporciona información necesaria para el seguimiento y control de la actividad de Diseño y Desarrollo de los servicios de acueducto y alcantarillado para la toma de decisiones y el mejoramiento continuo del proceso.",2023-12-18,2024-12-31,3
GPT,Gestión Planeación Técnica,,C,Externa,"NC3. Requisito 10. Numeral 10.2 No conformidad y acción correctiva: Cuando ocurra una no conformidad, incluida cualquiera originada por quejas, la organización debe: d) revisar la eficacia de cualquier acción correctiva tomada.
 
 Al revisar el indicador que mide los días que se demora la ejecución de la actividad de levantamientos topográficos para los servicios de acueducto y alcantarillado en la hoja de vida del indicador DPC-R-009 Versión 9 periodo reportado del 01/01/2023 a 31/07/2023 el proceso reporta cumplimiento del indicador para todos los meses de enero a julio de 2023, se verifica el origen y la veracidad de los datos reportados para el calculo del indicador del mes de marzo de 2023, con los datos consignados en las carpetas físicas de los levantamientos topográficos pero no coinciden con los datos reportados en el indicador. Esta situación ya se había evidenciado en auditoria interna de vigencia anterior, por lo cual el proceso levantó acción correctiva con fecha del 21/02/2022 la cual se encuentra abierta; sin embargo, se evidencia que las acciones formuladas para gestionar la no conformidad no han sido eficaces.",2023-12-18,2024-12-31,3
GPT,Gestión Planeación Técnica,,C,Interna Contratada,"NC.2 Requisito 7. Apoyo. 7.1.5.2 Trazabilidad de las mediciones. Cuando la trazabilidad de las mediciones es un requisito, o es considerada por la organización como parte esencial para proporcionar confianza en la validez de los resultados de la medición, el equipo de medición debe: a) calibrarse o verificarse, o ambas, a intervalos especificados, o antes de su utilización, contra patrones de medición trazables a patrones de medición internacionales o nacionales; cuando no existan tales patrones, debe conservarse como información documentada la base utilizada para la calibración o la verificación.",2023-12-18,2024-12-31,3
GPT,Gestión Planeación Técnica,,C,Interna Contratada,"Durante auditoria se evidenció Plan de verificación, mantenimiento y calibración de equipos GPT-PP-003 Versión 4, con fecha de actualización 1 de junio de 2023 en el cual se establecen dos equipos de medición, Estación total Pentax W825-NX y Estación Total Pentax V325-N, en la entrevista el personal del proceso informa que las verificaciones realizadas durante el año 2023 al equipo Estación PENTAX V325-N las realizaron en base a cuatro (4) puntos de referencia que tienen establecidos en la parte superior del tanque de almacenamiento ""Tanque Corbones""; sin embargo, dicho procedimiento de verificación de equipos de medición no se encuentra documentado ni normalizado; de igual manera, se evidencio incumplimiento de las fechas establecidas para las verificaciones respecto al Plan de verificación, mantenimiento y calibración de equipos presentado, situación reiterativa en el proceso ya que en la auditoria interna realizada en el año 2021 se identificó la no conformidad del requisito 7.1.3 Infraestructura, para lo cual el proceso proyectó una acción correctiva; igualmente, en el informe de auditoria interna realizada en el año 2022 se detectó como oportunidad de mejora: ""Se debe tener en cuenta que la información referente a los equipos utilizados para la actividad de topografía, debe estar contenida en la hoja de vida de dichos equipos con el fin de conocer el historial y poder tomar decisiones, al igual que el Plan de verificación, mantenimiento y calibración de equipos GPT-PP-003 el cual se encuentra desactualizado""",2023-12-18,2024-12-31,3
DC,Dirección Comercial,,C,Interna Contratada,"7.5.3 Control de la información documentada. En la auditoria se observó que el registro Solicitud de Acueducto, Alcantarillado y Aseo. DC-R-009 está publicado en la página web en el link de tramites y servicios la versión 01, la versión vigente es la 02.",2022-02-21,2022-03-02,6
DC,Dirección Comercial,,C,Interna Contratada,"8,4,2 d) Tipo y alcance del control. Se evidencia que en las ordenes de suspensión el contratista de FRC con su APP toma la fotos como evidencia de loa suspensiones del servicio y es cargada a la matricula correspondiente en el aplicativo ARQ de EPA ESP. las fotos tomadas no son coherentes ni corresponden con la actividad realizada a la causal de suspensión.",2022-02-21,2022-05-31,5
DC,Dirección Comercial,,C,Externa,"NC.1 6,1,2 No se evidencia la Socialización de los procedimientos: DC-P-014,DC-P-015,DC-P-016 creados en el año 2022, dicha actividad de socialización se encuentra planteada en el Mapa de Riesgos AM-R-025 de la Dirección Comercial como una acción para abordar el riesgo #2.",2022-12-10,2013-07-20,3
DC,Dirección Comercial,,C,Externa,"NC. 2-7,5 Los registros C-R-004 y C-R-015 se encuentran publicados en le SGI pero ya no se usan en el proceso: el registro C-R-013 no tiene nombre ni firma de quien: elabora, revisa y/o aprueba y se encontraron errores en el diligenciamiento del mismo en la carpeta del año 2022. De forma reiterativa se observan registros con tachones e información que no corresponde al cuerpo del formato.",2022-12-20,2023-12-31,3
DC,Dirección Comercial,,C,Interna,"NC.3-8,4 Se evidencia el uso del registro CGCP-R-014 V2 que no existe en los documentos del SGI, el uso del mismo se da ya que es un reporte que arroja el aplicativo de software del sistema comercial de EPA.ESP.",2022-12-20,2023-07-20,3
DC,Dirección Comercial,,C,Interna Contratada,"NC. Requisito 7.5 Información Documentada.
 7.5.2 Creación y actualización. Al crear y actualizar la información documentada, la organización debe asegurarse de que lo siguiente sea apropiado: literal c) la revisión y aprobación con respecto a la conveniencia y adecuación. Durante la auditoria se evidencian procedimientos y registros que ya no son aplicados por el proceso y siguen apareciendo en la intranet. Por ejemplo:
 * Procedimientos C-P-005 Procedimiento de matricula provisional, C-P-006 Novedades yo solicitudes reportadas por los usuarios en la intranet, los cuales están obsoletos, debido a que se crearon unos nuevos para esta actividad DC-P-012 Procedimiento Para la legalización de conexiones fraudulentas de acueducto y alcantarillado ante Empresas Públicas de Armenia EPA ESP, DC-P-014 Procedimiento Para la creación de nuevos suscriptores de Empresas Públicas de Armenia ESP generados por conexiones temporales de obra para urbanizadores y/o constructores, entre otros.
 *No se hace censo de Usuarios y no se utiliza el formato Notificación de nueva visita Censo de Usuarios Código: C-R-029 (aparece el nombre de Carlos A. Hurtado Plazas como gerente general).
 * Boletines: Requisitos para Matriculas de Servicios de Acueducto y Alcantarillado C-B-001(2019) y C-B-002 (2019) aparece un numero telefónicoque no funciona para estas actividades, ya no aplica.
 que no funciona para estas actividades, ya no aplica.
 *Instructivo Atención preferencial a usuarios de Empresas Públicas de Armenia DC-I-009 el No. telefónico se va a buzón, ya no aplica.
 *Recepción de solicitud de servicio en el R-009 no se diligencia el numeral 9.
 7.5.3 Control de la información documentada-7.5.3.2 Para el control de la información documentada, la organización debe abordar las sigulentes actividades según corresponda: literal c) Control de cambios (por ejemplo, control de versión).
 Se evidencia hoja de vida indicadores DPC-R-09 en versión obsoleta V:08",2023-12-18,2024-12-31,3
DC,Dirección Comercial,,C,Interna Contratada,"NC. Requisito 8.1 Planificación y control operacional. Literal c) la implementación del control de los procesos de acuerdo con los criterios.
 Durante la auditoria a las actividades de Facturación, lectura y crítica, no se evidencia la ejecución de actividades como se han planificado en el procedimiento de lectura y crítica DC-P-002. Ni se utiliza el registro indicado en este procedimiento Lista de verificación actividades de Facturación DC-R-003 V:07. Así mismo ocurre con el procedimiento Facturación DC-P-003. Ni se utilizan los registros indicados en este procedimiento Planificación de la Facturación Mensual DC-R-002, Lista de Verificación Actividades de Facturación DC-R-003.
 De igual forma, al auditar la actividad del buzón de sugerencias, se evidencia que no se hace la actividad 10 que esta establecida en el Instructivo Manejo de Buzones de Sugerencias DC- I-002 y que indica que si las PQRSD son repetitivas se debe levantar acciones correctivas en el formato
 AM-R-011.",2023-12-18,2024-12-31,3
GTH,Gestión Talento Humano,,C,Interna Contratada,"8,1,d
 Se evidencia registro GTH-R-010 archivados diligenciados a lápiz y sin firmas.",2022-11-03,2023-12-31,3
GTH,Gestión Talento Humano,,C,Interna Contratada,"8,1,1
 La organización ha definido controles de vacunación en Hepatitis B, Leptospirosis y Tétanos para el personal de trabajo de campo expuesto a riesgo biológico, en el profesiograma contempla vacunación en Hepatitis B y tétanos para operario 1. Al verificar los contratos de apoyo a la gestión para el proceso de GTAR en los estudios previos y reglas de participación no se evidencia la solicitud de este requisito, por lo que se está contratando personal para actividades con exposición a riesgo biológico sin que se encuentren vacunados, por lo cual no se está garantizando el cumplimiento de este control en su totalidad, solo se cumple para trabajadores oficiales de EPA.",2022-12-15,2023-12-31,3
GTH,Gestión Talento Humano,,C,Externa,"8,1
 Se evidencian faltantes en señalética y señalización relacionada con botiquines, extintores, demarcación de piso, escaleras en las siguientes zonas: Gestión de planeación técnica, Gerencia técnica, Corbones, PTAP, GRTAR, Aseo Área de taller, Control pérdidas (ver anexo fotográfico).",2022-12-15,2023-02-15,3
GTH,Gestión Talento Humano,,C,Interna,"8,1
 Se evidencia incumplimiento del personal en el uso adecuado de los EPP proporcionados por la empresa y falta de orden y aseo en las siguientes áreas y actividades: Corbones, GDAP, ASEO (Poda), ASEO (Recolección) (ver anexo fotográfico).",2022-12-15,2023-02-28,3
GTH,Gestión Talento Humano,,C,Externa,"Decreto 1072 de 2015 2.2.4.6.33
 No se evidencia que el empleador garantice que se definan e implementen las acciones preventivas necesarias, con base en los resultados de la supervisión y medición de la eficacia del Sistema de Gestión de la Seguridad y Salud en el Trabajo (SGSST), de las auditorías y de la revisión por la alta dirección.",2023-12-18,2024-12-31,3
GTH,Gestión Talento Humano,,C,Externa,"10.2 b) 1) – d) e)
 No se evidencia que la organización, b) 2) determine las causas del incidente, d) determine e implemente acciones correctivas, de acuerdo con la jerarquía de los controles; y e) evalúe los riesgos de la SST que se relacionan con los peligros nuevos o modificados, antes de tomar acciones.",2023-12-18,2024-12-31,3
GTH,Gestión Talento Humano,,C,Externa,10.1 No se evidencia que la organización implemente las acciones necesarias para alcanzar los resultados previstos de su sistema de gestión de la SST.,2023-12-18,2024-12-31,3
GTH,Gestión Talento Humano,,C,Interna,"Decreto 1072 de 2015 en .Art. 2.2.4.6.8-9
 No se evidencia que el empleador garantice la capacitación de los trabajadores en los aspectos de seguridad y salud en el trabajo de acuerdo con las características de la empresa, la identificación de peligros, la evaluación y valoración de riesgos relacionados con su trabajo.",2023-12-18,2024-12-31,3
GTH,Gestión Talento Humano,,C,Externa,"9,3,d,5 No se evidencia evaluación del desempeño de las tendencias relativas a la participación y consulta.",2023-12-18,2024-12-31,3
GTH,Gestión Talento Humano,,C,Interna Contratada,"8,1 . No se evidencia la implementación de las acciones planificadas para el control de los procesos",2023-12-14,2024-12-31,3
GTH,Gestión Talento Humano,,C,Externa,"9,1,1 
 La organización debe conservar la información documentada adecuada: 
 - Como evidencia de los resultados de seguimiento, la medición, el análisis y la evaluación del desempeño
 - Sobre el mantenimiento, calibración o verificación de los equipos de medición.",2023-12-18,2024-12-31,3
GTH,Gestión Talento Humano,,C,Interna,"8.2 (b)
 La organización debe establecer, implementar y mantener procesos necesarios para prepararse y para responder ante situaciones de emergencia potenciales, según se identifica en el apartado 6.1.2.1, incluyendo: b) la provisión de formación para la respuesta planificada;",2023-12-18,2024-12-31,3
DPC,Dirección de Planeación Corporativa,,C,Interna,"9,1,1 
 La organización debe consrvar la información documentada adecuada- como evidencia de los resultados del seguimiento la medición, el análisis y la evaluación del desempeño; sobre el mantenimiento , calibración o verificación de los equipos de medición.
 
 Se evidencia que se hace mantenimiento al sistema de emergencias de fuga de cloro, sin embargo, en el informe de mantenimiento al proveedor no se deja constancia de la verificación/calibración del dosimetro de monogas de cloro .
 
 Se revisa la calibración del sistema de gases utilizado en las labores del proceso, gestión recolección y transporte de aguas residuales, se manifiesta que se hace verificación con gas patron, pero no se deja registro de ello. Se revisa fisicamente le equipo, el cual muestra que faltan cuarenta dias para la nueva calibración, sin embargo no se deja evidencia suficiente de la verificación realizada.",2023-12-13,2024-12-30,2
GTAR,Gestión Tratamiento Aguas Residuales,,C,Externa,"Se posee registro de aplicación, seguimiento y control de fichas amblentales de septiembre de 2024 (obra 028/22, emisario final). Se revisa el control de vertimientos en obra. Item 7.3, la cual establece que se debe poseer los certificados de disposición final de las aguas residuales generadas en el mantenimiento de baños portátiles. Se evidencia que en la lista de chequeo se registra que sí aplica, pero hay fotos de batería sanitaria construida, y sin soportes del permiso temporal de vertimiento. Y al llamar a la interventoria se manifiesta que los baños están siendo utilizados las de casas aledaña. Generando ambiguedades en la información reportada.",2024-11-07,2025-12-30,4
GTAR,Gestión Tratamiento Aguas Residuales,,C,Interna,"Al revisar los índices de DBO y DO de la PTAR, se pudo evidenciar que:
 Descripción
 a) DBO: se evidencia que se no se posee datos de enero y febrero de 2024.
 DQO: Se evidencia que no se cumple la variable en enero, febrero, julio y agosto de 2024. El análisis de causas es escaso al igual que las acciones propuestas.",2024-11-12,2025-12-30,4
GTAR,Gestión Tratamiento Aguas Residuales,,C,Interna Contratada,"N.C 7.5.3.1 La información documentada requerida por el sistema de gestión de la calidad y por esta Norma Internacional se debe controlar para asegurarse de que:
 a) esté disponible y sea idónea para su uso, donde y cuando se necesite;
 b) esté protegida adecuadamente (por ejemplo, contra pérdida de la confidencialidad, uso inadecuado o pérdida de integridad).
 7.5.3.2 Para el control de la información documentada, la organización debe abordar las siguientes actividades, según corresponda:
 a) distribución, acceso, recuperación y uso.
 b) almacenamiento y preservación, incluida la preservación de la legibilidad.
 No se evidencia analisis de la satisfacción del cliente para el concepto favorable de vertimientos, realizados para periodo enero a octubre 31 DE 2024.
 . No tienen copia de seguridad de la información, realizada analisis de la satisfacción del cliente para el concepto favorable de vertimientos, realizados para periodo enero a julio 31 de 2024, dado que se argumenta que el equipo se daño y en las copias de seguridad no se guardo este archivo",2024-12-06,2025-03-31,4
GCP,Gestión Control Pérdidas,,C,Interna Contratada,"Numeral 7.2 Competencia. La organización debe:
 d) Conservar la documentacion apropiada como evidencia de la competencia
 Evidencia:No se logro evidenciar documentos que avalen la capacitacion del personal del proceso ni las reinducciones en temas relacionados con el desarrollo de sus funciones y competencias.",2023-12-30,2024-12-31,3
GCP,Gestión Control Pérdidas,,C,Externa,"Numeral 4,4.1 La organización debe determinar los procesos necesarios para para el sistema de gestion de la calidad y su aplicación a traves de la organización, y debe:
 a) Determinar las entadas requeridas y las salidas esperadas de estos procesos.
 Evidencia: La caracterizacion incluye una actividad que nunca se ha realizado eN la Gestion ""Desmonte de acometidas de Acueducto Inactivas"", no se logró establecer evidencias del desarrollo, ni controles de esta actividad.",2023-12-30,2024-12-31,3
GRTAR,Gestión Recolección y Transporte,,C,Interna,"Numeral 6.1.1 Al planificar el sistema de gestion de la calidad, la organizacón debe considerar las cuestiones referidas en al apartado 4.1 (comprension de la organización y de su contexto) y los requisitos referidos en el apartado 4.2 (Comprension de las necesidades y expectativas de las partes interesadas), y determinar los riesgos y oportunidades que es necesario abordar con el fin de: a) asegurar que el sistema de gestión de la calidad pueda lograr sus resultados previstos: b) aumentar los efectos deseables (oportunidades); c) prevenir o reducir efectos no deseados (riesgos): d) lograr la mejora.
 Evidencias: No se logró evidenciar que los riesgos identificados en los documentos: Evaluacion del Contexto Empresas Publicas de Armenia ESP Código: GG-R-009 GTAR version actualizada el 25 de septiembre de 2024, Partes interesadas GG-R-0014 GRTAR version actualizada el 28 de agosto de 2024, son tratados como riesgos en la Mapa de Riesgos y Controles Institucional AM-R-025 GRTAR version actualizada el 8 de octubre de 2024.",2024-12-06,2025-12-31,4
GRTAR,Gestión Recolección y Transporte,,C,Interna,"Numeral 6.1.2 La organización debe planificar: a) las acciones para abordar riesgos y oportunidades; b) la manera do: 2) evaluar la eficacia de estas acciones.
 Evidencias: En la Matriz de Identificación y Evaluación de oportunidades del Sistema de Gestión Integrado AM-MA-001 GRTAR version actualizada el 25 de septiembre de 2024, las acciones establecidas no estan enfocadas a la gestión de las oportunidades identificadas: por ejemplo: Oportunidad 1: Experiencia en la construcción y operación de la red, asi como en la adaptacion frente al cambio climatico"", acción planteada para abordar la oportunidad: ""Moderacion del Impacto a los riesgos asociados al proceso, a traves de la optima ejecucion de los controles estipulados en el mapa de riesgos; por lo que fue necesario revisar el Mapa de Riesgos del Proceso AM-R-025 GRTAR versión actualizada el 8 de octubre de 2024 en el cual no se evidencia que los controles están relacionados con la oportunidad identificada.",2024-12-06,2025-12-31,4
GRTAR,Gestión Recolección y Transporte,,C,Externa,"8.1 Planificacion y control operacional. La organización debe planificar, implementar y controlar los procesos necesarios para cumplir los requisitos para provision de productos y servicios, y para implementar las acciones determinadas en el Capitulo 8 (planificacion) mediante:
 d) la implementación del control de los procesos de acuerdo con los criterios.
 e) la determinacion el mantenimiento y la conservacion de la informacion documentada en la extension necesara para
 1) tener confianza en que los procesos se han llevado a cabo segun lo planificado
 2) Demostrar la conformidad de los productos y servicios con sus requisitos
 Evidencias: Durante la auditoria no se logró evidenciar el control efectuado al estado de las solicitudes realizadas por el usuario; si bien se lleva un registro de las ordenes de trabajo generadas en el software ARQ, no se conoce el total do las solicitudes realizadas por el usuario, cuales fueron solucionadas o cuales se encuentran pendientes.",2024-12-06,2025-08-30,4
GRTAR,Gestión Recolección y Transporte,,C,Interna,"Numeral 9.1.1 La organización debe determinar
 b) los metodos de seguimiento, medicion, analisis y medicion necesarios para asegurar resultados validos
 La organizacion debe evaluar el desempeño y la eficacia del sistema de gestion de calidad.
 Evidencia: el indicador de Reclamación operativa con el que cuenta actualmente el proceso, no tiene coherencia el resultado de la formula aplicada, con las metas propuestas; por lo tanto, no mide de manera efectiva el objetivo del indicador (medir la capacidad operativa de la unidad de Gestión Recolección y Transporte de Aguas Residuales)",2024-12-06,2025-08-30,4
GPT,Gestión Planeación Técnica,,C,Interna Contratada,"8,3 Al indagar por el cumplimiento del requisito de Diseño Y Desarrollo de los Servicios de Acueducto y alcantarillado. Aseo se evidencio en el Proyecto denominado Traslado de las Líneas Expresa de Occidente(Sector Macana) que:*Entre las entradas para el diseño no se tiene en cuenta las disponibilidades del Servicio de Acueducto existente en el proceso que puede generar un cambio en el diámetro de material, etc., de la Tuberia.*No se evidencia los controles de diseño y desarrollo, Revisiones ,Verificación, Validación,*No se evidencias los controles ejercidos por Gestión Planeación Técnica de los cambios en el Diseño y Desarrollo.",2018-03-09,2018-03-28,4
GPT,Gestión Planeación Técnica,,C,Interna Contratada,"7,1,5 Al solicitar la Hoja de Vida, el instructivo de trabajo para la Estación de Topográfica PENTAX W825-NX,Relacionado en el plan de Verificación, Mantenimiento y Calibración de Equipo GPT-PP-003, Se Evidencio que este Equipo fue comprado para el momento en que se envié el Estación Total Pentax WB325-N a Ejecutar Mantenimiento y /o Calibración, hace aproximadamente 3 años, pero no se ha utilizado por falta de un manual de manejo.",2018-03-09,2018-12-31,4
GPT,Gestión Planeación Técnica,,C,Interna Contratada,"Requisito 7.5. Información documentada. 7.5.3.2 La información documentada conservada como evidencia de la conformidad debe protegerse contra modificaciones no intencionadas.
 Durante la auditoría para la actividad de Levantamientos Topográficos se evidencia el diligenciamiento del formato cartera de nivelación GPT-R-034 a lápiz, lo cual no protege la información allí registrada de cambios no intencionados.
 No.2. Requisito 8. Operación. 8.1 Planificación y Control operacional. La organización debe planificar, implementar, y controlar los procesos necesarios para cumplir los requisitos para la provisión de productos y servicios y para implementar las acciones determinadas en el capítulo 6, mediante: literal e) la determinación, el mantenimiento y la conservación de la información documentada en la extensión necesaria para: 1) tener confianza en que los procesos se han llevado a cabo según lo planificado. 2) demostrar la conformidad de los productos y servicios con sus requisitos.",2022-02-21,2022-07-30,4
GPT,Gestión Planeación Técnica,,C,Externa,"Durante la auditoría no fue fácil identificar procedimental como se lleva a cabo la actividad de Levantamiento topográfico, ya que no cuentan con un instructivo o procedimiento que permita realizar la trazabilidad de la misma. Adicionalmente, durante la revisión de la documentación aplicable a la actividad como son los registros: Solicitud de Información Interna y Externa GPT-R-015, GPT-R-020 Informe de Topografía, GPT R 014 Reporte Técnico, Cartera de nivelación GPT-R-034, se evidencia casillas sin diligenciar, nombre y firma de responsables de actividades, firmas de los funcionarios que participaron en las visitas, que entregan y reciben la información relevante de la actividad y con la cual se toman decisiones; lo anterior se identifica a la evidencia auditada: visita realizada al barrio Ciudad Dorada MZ 8, 9, 10 y 11, cámaras 1019 y 1018 en el mes de febrero y que corresponde a una solicitud del gestor de Recolección y Transporte de Aguas Residuales.",2022-02-21,2022-05-31,4
GPT,Gestión Planeación Técnica,,C,Interna,"Requisito 7. Apoyo. 7.1 Recursos. 7.1.3 Infraestructura La organización debe determinar, proporcionar y mantener la infraestructura necesaria para la operación de sus procesos y lograr la conformidad de los productos y servicios: b) equipos y servicios asociados.
 Al solicitar evidencia del mantenimiento, verificación y/o calibración de los equipos (estaciones PENTAX V325N y Pentax W-825) al responsable de la actividad levantamiento topográfico, el suministra el registro Hoja de vida de equipos código LECA R 044 Hoja de Vida del Equipamiento V 03 en el cual se evidencia el diligenciamiento de la primera página, la cual consiste en la descripción de características de los equipos y en donde se establece que acciones requieren los mismos para garantizar su correcto funcionamiento; para estos equipos se tiene establecido una verificación bimensual, un .......",2022-02-21,2022-05-31,4
GPT,Gestión Planeación Técnica,,C,Interna,"un mantenimiento preventivo mensual y una calibración anual y al indagar por el cumplimiento de esto, se evidencia que no se ha realizado nada a los equipos desde el año 2016, igualmente no se tiene en las carpetas de los equipos la página 2 del formato Hoja de Vida del Equipamiento LECA R 044, que es la parte en donde se debe registrar todas las acciones de intervención en los equipos. 
 Así mismo, se evidencia incumplimiento al Plan de verificación, mantenimiento y calibración de equipos GPT PP 003 V04, actualizado el 21/03/15, donde se establecen acciones de mantenimiento mensuales, de verificación trimestrales.
 Lo anterior no permite garantizar el correcto funcionamiento de los equipos.",2022-02-21,2022-05-31,4
GPT,Gestión Planeación Técnica,,C,Interna,"NC1. Requisito 8. Operación. 8.1 Planificación y Control operacional. La organización debe planificar, implementar, y controlar los procesos necesarios para cumplir los requisitos para la provisión de productos y servicios y para implementar las acciones determinadas en el capítulo 6, mediante: Iteral d) la implementación del control de los procesos de acuerdo con los criterios.
 
 Durante la auditoría se revisó archivo en Excel nombrado ESTADO DISEÑOS 2 observó, diseñadores-julio, herramienta en la cual el proceso se manifiesta que realizan el control de la actividad de Diseño y Desarrollo de los servicios de acueducto y alcantarillado; sin embargo se observó, que no está diligenciado de manera completa, el personal auditado no tuvo claridad sobre los campos que solicita el archivo ni sobre la forma en la que se calcula el tiempo transcurrido entre la fecha de solícitud del diseño y la fecha en la cual se finalizó el mismo, dicha herramienta no proporciona información necesaria para el seguimiento y control de la actividad de Diseño y Desarrollo de los servicios de acueducto y alcantarillado para la toma de decisiones y el mejoramiento continuo del proceso.",2023-12-18,2024-12-31,3
GPT,Gestión Planeación Técnica,,C,Interna Contratada,"NC3. Requisito 10. Numeral 10.2 No conformidad y acción correctiva: Cuando ocurra una no conformidad, incluida cualquiera originada por quejas, la organización debe: d) revisar la eficacia de cualquier acción correctiva tomada.
 
 Al revisar el indicador que mide los días que se demora la ejecución de la actividad de levantamientos topográficos para los servicios de acueducto y alcantarillado en la hoja de vida del indicador DPC-R-009 Versión 9 periodo reportado del 01/01/2023 a 31/07/2023 el proceso reporta cumplimiento del indicador para todos los meses de enero a julio de 2023, se verifica el origen y la veracidad de los datos reportados para el calculo del indicador del mes de marzo de 2023, con los datos consignados en las carpetas físicas de los levantamientos topográficos pero no coinciden con los datos reportados en el indicador. Esta situación ya se había evidenciado en auditoria interna de vigencia anterior, por lo cual el proceso levantó acción correctiva con fecha del 21/02/2022 la cual se encuentra abierta; sin embargo, se evidencia que las acciones formuladas para gestionar la no conformidad no han sido eficaces.",2023-12-18,2024-12-31,3
GPT,Gestión Planeación Técnica,,C,Interna Contratada,"NC.2 Requisito 7. Apoyo. 7.1.5.2 Trazabilidad de las mediciones. Cuando la trazabilidad de las mediciones es un requisito, o es considerada por la organización como parte esencial para proporcionar confianza en la validez de los resultados de la medición, el equipo de medición debe: a) calibrarse o verificarse, o ambas, a intervalos especificados, o antes de su utilización, contra patrones de medición trazables a patrones de medición internacionales o nacionales; cuando no existan tales patrones, debe conservarse como información documentada la base utilizada para la calibración o la verificación.",2023-12-18,2024-12-31,3
GPT,Gestión Planeación Técnica,,C,Interna,"Durante auditoria se evidenció Plan de verificación, mantenimiento y calibración de equipos GPT-PP-003 Versión 4, con fecha de actualización 1 de junio de 2023 en el cual se establecen dos equipos de medición, Estación total Pentax W825-NX y Estación Total Pentax V325-N, en la entrevista el personal del proceso informa que las verificaciones realizadas durante el año 2023 al equipo Estación PENTAX V325-N las realizaron en base a cuatro (4) puntos de referencia que tienen establecidos en la parte superior del tanque de almacenamiento ""Tanque Corbones""; sin embargo, dicho procedimiento de verificación de equipos de medición no se encuentra documentado ni normalizado; de igual manera, se evidencio incumplimiento de las fechas establecidas para las verificaciones respecto al Plan de verificación, mantenimiento y calibración de equipos presentado, situación reiterativa en el proceso ya que en la auditoria interna realizada en el año 2021 se identificó la no conformidad del requisito 7.1.3 Infraestructura, para lo cual el proceso proyectó una acción correctiva; igualmente, en el informe de auditoria interna realizada en el año 2022 se detectó como oportunidad de mejora: ""Se debe tener en cuenta que la información referente a los equipos utilizados para la actividad de topografía, debe estar contenida en la hoja de vida de dichos equipos con el fin de conocer el historial y poder tomar decisiones, al igual que el Plan de verificación, mantenimiento y calibración de equipos GPT-PP-003 el cual se encuentra desactualizado""",2023-12-18,2024-12-31,3
DC,Dirección Comercial,,C,Interna,"8,4,2 d) Tipo y alcance del control. Se evidencia que en las ordenes de suspensión el contratista de FRC con su APP toma la fotos como evidencia de loa suspensiones del servicio y es cargada a la matricula correspondiente en el aplicativo ARQ de EPA ESP. las fotos tomadas no son coherentes ni corresponden con la actividad realizada a la causal de suspensión.",2022-02-21,2022-05-31,3
DC,Dirección Comercial,,C,Interna,"NC. Requisito 7.5 Información Documentada.
 7.5.2 Creación y actualización. Al crear y actualizar la información documentada, la organización debe asegurarse de que lo siguiente sea apropiado: literal c) la revisión y aprobación con respecto a la conveniencia y adecuación. Durante la auditoria se evidencian procedimientos y registros que ya no son aplicados por el proceso y siguen apareciendo en la intranet. Por ejemplo:
 * Procedimientos C-P-005 Procedimiento de matricula provisional, C-P-006 Novedades yo solicitudes reportadas por los usuarios en la intranet, los cuales están obsoletos, debido a que se crearon unos nuevos para esta actividad DC-P-012 Procedimiento Para la legalización de conexiones fraudulentas de acueducto y alcantarillado ante Empresas Públicas de Armenia EPA ESP, DC-P-014 Procedimiento Para la creación de nuevos suscriptores de Empresas Públicas de Armenia ESP generados por conexiones temporales de obra para urbanizadores y/o constructores, entre otros.
 *No se hace censo de Usuarios y no se utiliza el formato Notificación de nueva visita Censo de Usuarios Código: C-R-029 (aparece el nombre de Carlos A. Hurtado Plazas como gerente general).
 * Boletines: Requisitos para Matriculas de Servicios de Acueducto y Alcantarillado C-B-001(2019) y C-B-002 (2019) aparece un numero telefónicoque no funciona para estas actividades, ya no aplica.
 que no funciona para estas actividades, ya no aplica.
 *Instructivo Atención preferencial a usuarios de Empresas Públicas de Armenia DC-I-009 el No. telefónico se va a buzón, ya no aplica.
 *Recepción de solicitud de servicio en el R-009 no se diligencia el numeral 9.
 7.5.3 Control de la información documentada-7.5.3.2 Para el control de la información documentada, la organización debe abordar las sigulentes actividades según corresponda: literal c) Control de cambios (por ejemplo, control de versión).
 Se evidencia hoja de vida indicadores DPC-R-09 en versión obsoleta V:08",2023-12-18,2024-12-31,4
DC,Dirección Comercial,,C,Interna,"NC. Requisito 8.1 Planificación y control operacional. Literal c) la implementación del control de los procesos de acuerdo con los criterios.
 Durante la auditoria a las actividades de Facturación, lectura y crítica, no se evidencia la ejecución de actividades como se han planificado en el procedimiento de lectura y crítica DC-P-002. Ni se utiliza el registro indicado en este procedimiento Lista de verificación actividades de Facturación DC-R-003 V:07. Así mismo ocurre con el procedimiento Facturación DC-P-003. Ni se utilizan los registros indicados en este procedimiento Planificación de la Facturación Mensual DC-R-002, Lista de Verificación Actividades de Facturación DC-R-003.
 De igual forma, al auditar la actividad del buzón de sugerencias, se evidencia que no se hace la actividad 10 que esta establecida en el Instructivo Manejo de Buzones de Sugerencias DC- I-002 y que indica que si las PQRSD son repetitivas se debe levantar acciones correctivas en el formato
 AM-R-011.",2023-12-18,2024-12-31,4
DC,Dirección Comercial,,C,Interna Contratada,"NC 1. 9,1,3 La organización debe analizar y evaluar los datos y la información apropiados que surgen por seguimiento y medición. Los resultados del análisis deben
 utilizarse para evaluar: g. la necesidad de mejoras en el sistema de gestión de calidad.
 Evidencias:
 indicador de procedencias 2024: Se observa el cumplimiento de la meta del indicador, la cual se encuentra en 90%, el promedio del resultado del indicador para el año 2024 esta en 70.4%. para el año 2023 el cumplimiento del indicador estuvo en 61%. Sin embargo, no se evidencia la toma de acciones o el análisis realizado por el aumento presentado de una vigencia a otra. para evaluar la necesidad de mejoras en el sistema de gestión.",2024-12-31,2025-12-31,
DC,Dirección Comercial,,C,Interna,"NC 2. Control de la información Documantada: 7,5,3,1 La Información documentada requerida por el sístoma de gestión de la calidad se debe controlar para asegurarse de que: a) este disponible y sea idónea para su uso, donde y cuando se necesite.
 Evidencias:
 * No fue posible verificar los seguimiento realizados para el 2 y 3 trimestre de 2024 a la aplicación de las encuestas de satisfacción del cliente, durante la auditoria no se encontraron las evidencias.
 * Se evidencia uso de registro desactualizado el DC-R-013 fue utilizado en las visitas desde el mes de enero hasta octubre 2024, dicho registro fue reemplazado por el DC-R-013 el cual fue actualizado desde el 21 de octubre de 2023 pero implementado desde el 9 de octubro de 2024.
 * En la carpeta de evidencias de gestión de las pqrs de buzón de sugerencias, se observaron actas para los meses de: enero, febrero, abril, junio, agosto, septiembre, octubre y noviembre de 2024, en su mayoría dichas actas se encuentran sin firmas de los responsables de ejecutar las acciones. Se realiza la trazabilidad al acta de apertura del buzón de sugerencias del mes de Junio de 2024, la cual tienen 4 compromisos, que no tienen soporte de las actividades realizadas para gostionar las pqrs de ese mes, se manifiesta en la auditoria que la actividad se realiza por teléfono o de manera verbal. Se revisan los compromisos del acta de noviembre de 2024, 3 compromisos y no se cuenta con las evidencias, en el proceso informan que la gestión se realizó por teléfono y de manera verbal. Se observan que las actas están realizadas en versiones que no están vigentes, por ejemplo versión 7 techa de emisión 19/05/22.",2012-31-25,2025-05-31,
DC,Dirección Comercial,,C,Interna,"NC 3. 8,1 Planificación y Control operacional: la organización debe planificar, implementar y controlar los procesos necesarios para cumplir los requisitos para la provisión de productos y servicios ... mediante: a) la determiación de los requisitos para los productos y servicios, d) la implementación del control de los procesos de acuerdo con los criterlos.
 Evidencias:
 En el Instructivo Manejo de Buzones de Sugerencias DC-I-002 versión 6 actualizado el 21 de mayo de 2024, no se especifica la frecuencia con la que se debe aperturar el buzón de sugerancias de la dirección comercial con el fin de garantizar la atención oportuna de los PQRS. No se evidenció el cumplimiento del Instructivo Manejo de Buzones de Sugerencias DC-I-002 versión 6 actualizado el 21 de mayo de 2024, ya que no se cuenta con los registros (Oficio • Intraweb-Documentos) enviados a los procesos responsables de la toma do decisiones para realizar las acciones pertinentes en el manejo de PQRS allegados a través del buzón de sugerencias.",2012-31-25,2025-12-31,
GDAP,Gestión Distribución de Agua Potable,,C,Externa,"Durante revisión de los controles a contratistas (obras) se pudo evidenciar las siguientes novedades:
 Al revisar el contrato Reposición de tubería, Contrato 001 de 2024. Se posee informes ambientales de acta parcial y final. Se evidencia que al revisar la disposición final de escombros, se posee certificación de la alcaldía de dic de 2023, en la cual se relaciona la autorización de la escombrera el caney. Sin embargo, al revisar el permiso de la autoridad ambiental, se posee un concepto técnico de mayo de 2020. Donde se establece que era un permiso temporal, mientras la emergencia sanitaria de COVID 19. Adicionalmente, se evidencia que, para el tema de RESPEL en el seguimiento a las fichas ambientales, se deja registrado, que se ha realizado seguimiento. Sin embargo, Al revisar el informe del contratista, se relaciona que tienen kit de emergenclas y la nota que no se ha generado ninguna emergencia con residuos peligrosos en el proyecto. Por lo anterior no se sabe con certeza si se generaron o no residuos peligrosos",2024-11-07,2025-06-30,4
GTH,Gestión Talento Humano,,C,Externa,"Decreto 1072 de 2015 2.2.4.6.33
 No se evidencia que el empleador garantice que se definan e implementen las acciones preventivas necesarias, con base en los resultados de la supervisión y medición de la eficacia del Sistema de Gestión de la Seguridad y Salud en el Trabajo (SGSST), de las auditorías y de la revisión por la alta dirección.",2023-12-18,2024-12-31,4
GTH,Gestión Talento Humano,,C,Interna Contratada,"10.2 b) 1) – d) e)
 No se evidencia que la organización, b) 2) determine las causas del incidente, d) determine e implemente acciones correctivas, de acuerdo con la jerarquía de los controles; y e) evalúe los riesgos de la SST que se relacionan con los peligros nuevos o modificados, antes de tomar acciones.",2023-12-18,2024-12-31,4
GTH,Gestión Talento Humano,,C,Externa,10.1 No se evidencia que la organización implemente las acciones necesarias para alcanzar los resultados previstos de su sistema de gestión de la SST.,2023-12-18,2024-12-31,4
GTH,Gestión Talento Humano,,C,Interna Contratada,"Decreto 1072 de 2015 en .Art. 2.2.4.6.8-9
 No se evidencia que el empleador garantice la capacitación de los trabajadores en los aspectos de seguridad y salud en el trabajo de acuerdo con las características de la empresa, la identificación de peligros, la evaluación y valoración de riesgos relacionados con su trabajo.",2023-12-18,2024-12-31,4
GTH,Gestión Talento Humano,,C,Interna,"8,1 . No se evidencia la implementación de las acciones planificadas para el control de los procesos",2023-12-14,2024-12-31,4
GTH,Gestión Talento Humano,,C,Interna Contratada,"9,1,1 
 La organización debe conservar la información documentada adecuada: 
 - Como evidencia de los resultados de seguimiento, la medición, el análisis y la evaluación del desempeño
 - Sobre el mantenimiento, calibración o verificación de los equipos de medición.",2023-12-18,2024-12-31,4
GTH,Gestión Talento Humano,,C,Interna Contratada,"8.2 (b)
 La organización debe establecer, implementar y mantener procesos necesarios para prepararse y para responder ante situaciones de emergencia potenciales, según se identifica en el apartado 6.1.2.1, incluyendo: b) la provisión de formación para la respuesta planificada;",2023-12-18,2024-12-31,4
GG,Gerencia General,,C,Interna Contratada,No se evidencia ningún plan de mejoramiento para establecer las políticas encaminadas al fortalecimiento del área comercial y de servicios,2013-11-11,2014-12-31,4
GG,Gerencia General,,C,Interna Contratada,"La entidad debe mejorar continuamente la eficacia ,la eficiencia y la efectividad del sistema de Gestión de Calidad, mediante el uso de los resultados de las auditorias internas, no se evidencia el seguimiento realizado a las auditorias de Control Gestión .",2016-01-12,2016-06-30,5
GG,Gerencia General,,C,Externa,"Se evidencia en la encuesta que se tiene publicada en la Pagina WEB, donde se pregunta ¿ cual es su percepción sobre el servicio de acueducto que presta la EPA? ¿ Cual es su percepción sobre el servicio de Alcantarillado que presta la EPA?, ¿ Cual es su percepción sobre el servicio de Aseo que presta la EPA ? los resultados de la calificación del servicio no coincide con las encuestas aplicadas por los procesos y su calificación",2016-02-01,2016-12-31,2
GTAR,Gestión Tratamiento Aguas Residuales,,C,Interna Contratada,"Al solicitar la hoja de vida de la infraestructura, se evidencia que fue publicada en el S.G.C. en el mes de febrero y aún no se han consignado la información generada y relevante en las visitas técnicas y contratos realizados",2015-01-15,2015-12-31,3
GTAR,Gestión Tratamiento Aguas Residuales,,C,Externa,Se tiene proyectado plan de contingencia en caso de corte de energía en la planta de tratamiento de aguas residuales PTAR y este no es acorde con los equipos disponibles,2018-01-29,2018-07-31,3
GTAR,Gestión Tratamiento Aguas Residuales,,C,Interna Contratada,"No se pudo evidenciar las hojas de vida para mantenimiento de los equipos e instrumentos utilizados en la planta , ni verificar los mantenimientos establecidos para la infraestructura de Tratamiento y lo equipos.",2018-01-29,2018-03-16,4
GTAR,Gestión Tratamiento Aguas Residuales,,C,Interna,Se han realizado simulacros de incendios y sismos pero se desconocen los resultados de estos los aspectos positivos y los negativos que se tengan que tratar,2018-01-29,2018-12-31,4
GTAR,Gestión Tratamiento Aguas Residuales,,C,Interna Contratada,No se han establecido los criterios para el control a los volúmenes de recepción y disposición final de agua residual externa con respecto al volumen facturado,2018-01-29,2018-03-20,3
GTAR,Gestión Tratamiento Aguas Residuales,,C,Externa,No se reporta el producto No conforme presentado en la entrega a la fuente receptora,2018-01-29,2018-03-28,3
GTAR,Gestión Tratamiento Aguas Residuales,,C,Externa,No se tiene establecido los estándares para evaluar la eficacia y la eficiencia en las diferentes etapas del tratamiento como guía para el seguimiento en el funcionamiento de las unidades,2018-01-29,2018-06-29,2
GTAR,Gestión Tratamiento Aguas Residuales,,C,Interna Contratada,Se Evidencia la Falta de Diligenciamiento de los Formatos Relacionados en el Programa ACCESS Por dificultades del Programa,2018-02-01,2018-12-31,4
GTAR,Gestión Tratamiento Aguas Residuales,,C,Externa,"Al realizar la inspección física en campo de las instalaciones para la disposición final de los residuos peligrosos, generados en la planta de tratamiento de aguas residuales se evidencia el incumplimiento frente a lo establecido en lo que dispone la normalidad ambiental vigente, decreto 4741 de 2005 que no genere riesgo a la salud humana y del medio ambiente, lo que constituye un incumplimiento frente al numeral 6.1.3 requisitos legales.",2018-12-06,2019-12-30,2
GTAR,Gestión Tratamiento Aguas Residuales,,C,Externa,"En la PTAR la marina no se evidencia análisis y evaluación de los resultados de los ensayos realizados al agua proveniente de la Planta para el cumplimiento de la Resolución 0631 del 2015, ni comparativos de los años 2016 - 2017 - 2018, respecto de los valores máximos permisibles de las Aguas residuales que permita la toma acciones.
 *No se evidencia reporte de indicadores de la PTAR La Marina",2019-01-31,2019-04-30,4
GTAR,Gestión Tratamiento Aguas Residuales,,C,Interna Contratada,"No se evidencia la aplicación del Procedimiento para el Tratamiento de Producto, Servicio y trabajo No conforme, solo se consolida las salidas no conformes de la Planta de Tratamiento de Aguas Residuales, no se evidencia su corrección, las acciones tomadas para evitar que se vuelva a presentar.",2019-01-31,2019-04-15,4
GTAR,Gestión Tratamiento Aguas Residuales,,C,Interna,"Al solicitar las hojas de vida de los colectores se informo que estas están en medio digital, no se pueden evidenciar los hallazgos detectados por los operarios en los diferentes tramos consignadas en las ordenes de trabajo y las reparaciones realizadas a esta infraestructura, la información de los colectores reposan en diferentes carpetas, no es completa.",2019-03-21,2019-12-31,3
GTAR,Gestión Tratamiento Aguas Residuales,,C,Interna,Se evidencia incumplimiento en la reposición de colectores según lo programado por el proceso para el año 2018 a pesar de contar con el presupuesto para su ejecución .,2019-03-21,2019-12-31,3
GCT,Gestión Captación y Tratamiento,,C,Interna,Se evidencia Incumplimiento a la meta establecida en el Plan de acción de realizar la contratación del revestimiento de 100 metros lineales del túnel 19 a diciembre de 2010 % de ejecución presupuestal,2011-04-01,2011-12-01,3
GCT,Gestión Captación y Tratamiento,,C,Interna,Se pretende disminuir a futuro suministro insuficiente de agua requerida por el proceso de distribución,2013-06-17,2013-12-30,3
GCT,Gestión Captación y Tratamiento,,C,Externa,"En la auditoria externa se identificó una oportunidad de mejora para implementar la identificación de la tubería de adición de coagulante, con el fin de prevenir confusiones y posibles accidentes al proceso de potabilización, no se evidencia el avance en el desarrollo de esta actividad.",2014-11-13,2015-01-15,4
GCT,Gestión Captación y Tratamiento,,C,Externa,Al solicitar evidencia de datos de los resultados generados después de la puesta en marcha del tanque de contacto de cloro y de filtros convencionales no se evidenció el análisis,2016-01-27,2016-04-15,5
GCT,Gestión Captación y Tratamiento,,C,Interna,"1.NC: 4.1 Comprensión de la organización y su contexto 
 2.NC: 4.2 Comprensión de las necesidades y expectativas de las partes interesadas
 No se evidencio seguimiento a las acciones y medición de la información consignada en el registro de Evaluación del contexto de Empresas Publicas de Armenia ESP, Versión 01 de 18 -01- 18 (Factores Internos y Externos) del proceso de GCT, ni de la información consignada en el registro Determinación, seguimiento y evaluación de los requisitos, necesidades y expectativas de las partes interesadas con código GG- R -014, Versión 02 de 18- 07- 17.",2019-01-28,2019-04-10,4
GCT,Gestión Captación y Tratamiento,,C,Interna Contratada,"3.NC: 7.1.3. Infraestructura
 Se evidencio la suspensión de uno de los módulos de la unidad desarenadora de la Bocatoma, desde las 8:30 am del día 26 de junio de 2018 reportada en el registro Reporte de captación GCT-R-006 y no se evidenció las acciones ejecutadas para su puesta en marcha nuevamente, ni tampoco el informe de esta novedad al Jefe de mantenimiento de Gestión de Recursos.",2019-01-28,2019-12-31,3
GCT,Gestión Captación y Tratamiento,,C,Interna,"4.NC:7.1.5.2 Trazabilidad de las Mediciones
 No se evidencia el cumplimiento del plan de inspección, mantenimiento y calibración de equipos, maquinaria código GCT-PP-001, Versión; 05 de 2018-05-29 para los equipos: 
 1. Báscula Scaletron programada para mantenimiento externo en el mes de octubre del 2018, solo se evidencio en la hoja de vida un ultimo mantenimiento en el año 2015 por la empresa Latinoamericana de Aguas Ltda. 
 2. Torre lavadora sistema fugas de cloro, el mantenimiento externo está programado para diciembre, se verifica ultimo mantenimiento en el año 2016. Adicional, se observa que en el mantenimiento preventivo realizado en el mes de octubre por un funcionario de EPA ESP asignado al Técnico Operativo II, se detectó un volumen en la unidad de 4,70 m3 y lo recomendado por la empresa que hace los mantenimientos es de 6 m3. Así mismo, se observa que en los informes se recomienda realizar mantenimiento semestral. 
 3. Pluviómetro, se tiene programado mantenimiento externo en Octubre, se evidencia que el equipo fue enviado a evaluación en el mes de diciembre y a la fecha no ha sido devuelto al proceso Gestión Captación y Tratamiento.
 4. Por otra parte, el macromedidor de la bocatoma adquirido en el año 2018, a la fecha no cuenta con hoja de vida del equipo.",2019-01-28,2019-03-30,3
GCT,Gestión Captación y Tratamiento,,C,Interna Contratada,"5. NC. 7.5.3, Control de la información documentada, 7.5.3.2 literal b) almacenamiento y preservación, incluida la preservación de la legibilidad.
 * Al revisar la interacción con las partes interesadas en el formato GG-R-014, se evidencia que en la carpeta de normativos del proceso se encuentra el formato versión 1 del mes de junio que esta obsoleta, contrario a la evidencia aportada durante la auditoria para el cumplimiento del requisito 4.2 que fue la versión 2 del 18-07-17.
 * No se evidencia el diligenciamiento de dos (2) encuestas de satisfacción de las necesidades del proceso Gestión Distribución de Agua Potable GCT-R-031, versión 04 del 18-07-06 correspondientes a los meses de agosto y octubre, pero se encontraban firmada por la gestora del proceso GDAP.
 *En los registros de muestra de la cuenca y bocatomas GCT-R-019 se evidencia tachones y números que no son legibles.",2019-01-28,2019-04-15,4
GCT,Gestión Captación y Tratamiento,,C,Interna Contratada,"6. NC. 9.1.3 Análisis y evaluación. La organización debe analizar y evaluar los datos y la información apropiados que surgen por el seguimiento y la medición.
 Literal a) la conformidad de los productos y servicios.
 No se evidencia acciones de mejora para las observaciones hechas por la Secretaría de Salud Municipal como resultado de la visita de inspección llevada a cabo el 28 de diciembre de 2017. 
 Literal b) grado de satisfacción del cliente.
 No se evidencia análisis de los resultados de la encuesta de satisfacción de las necesidades del proceso GDAP, código GCT-R-031, versión 04, como cliente interno.",2019-01-28,2019-12-31,3
GCT,Gestión Captación y Tratamiento,,C,Interna Contratada,"Incumplimiento en el requisito del proceso de Gestión de Agua potable en la cantidad y continuidad ,ocasionado por la presencia de un intenso olor asociado a hidrocarburo no característico presentado en la recamara ubicada en la entrada a la planta de tratamiento de Agua Potable el día 28 de enero de 2019,por lo que se hizo cierre de la salida de la planta, como medida preventiva",2019-02-15,2019-03-15,4
GCP,Gestión Control Pérdidas,,C,Interna,Incumplimiento a la meta de reducción del IANC para el mes de marzo de 2016,2016-04-01,2016-12-31,3
GCP,Gestión Control Pérdidas,,C,Interna,Índice de perdidas por suscriptor Facturado por fuera de la meta establecida,2017-07-21,2018-12-31,4
GCP,Gestión Control Pérdidas,,C,Externa,"Incumplimiento de las metas de los indicadores establecidos en el Plan de Acción vigencia 2018 ,% de cumplimiento en Instalación de medidores entregados por el laboratorio de Calibración de Medidores calibrados( después de retiro de medidores y envío a laboratorio para calibración)",2019-01-15,2019-11-30,3
GA,Gestión Aseo,,C,Interna Contratada,"La disponibilidad de instrucciones de trabajo cuando sea necesario, al solicitar evidencia del documento que contiene las instrucciones impartidas a los funcionarios que prestan el servicio especial de recolección en el sector Patio Bonito Bajo. No se pudo evidenciar",2016-02-15,2016-12-31,3
GA,Gestión Aseo,,C,Interna Contratada,"Al revisar el oficio SS-PSS-SP-3592 donde se solicita la concientización de los residentes del sector de la calle 26 carrera14 esquina. Se proyectaron las acciones a ejecutar, el encargado se comprometió en el reporte de PQRDS a ejecutar una acción de socialización del comparendo ambiental en el sector, acción que no cuenta con evidencia.",2016-02-15,2016-12-31,3
GA,Gestión Aseo,,C,Interna Contratada,"Al solicitar la evidencia de la inclusión de los nuevos usuarios del servicio de aseo reportados, según contrato de exploración de mercado , no se presento evidencia de la verificación en la base de datos comercial",2016-02-15,2016-12-31,2
GA,Gestión Aseo,,C,Interna,"Al solicitar el cronograma de verificación, mantenimiento y calibración de la bascula existente en la unidad de Gestión Aseo y su hoja de vida no se pudo evidenciar",2016-02-15,2016-12-31,2
GA,Gestión Aseo,,C,Interna,"Al solicitar evidencias de la evaluación de la eficacia y efectividad de las acciones ejecutadas para cumplir la actividad de desarrollar la cultura de la no basura, fomentar el aprovechamiento ,mitigar el impacto en la salud y en el ambiente que se pueda causar por la generación de los residuos solidos se presentaron los listados de asistencia, las evaluaciones a los asistentes pero no se presento el análisis de datos de estas acciones las cuales pueden generar acciones de mejora para ejecución de esta actividad",2016-02-15,2016-04-08,2
GA,Gestión Aseo,,C,Interna Contratada,Se realizan cambios que impactan la prestación del servicio positivamente pero no se documentan para poder realizar seguimiento a los resultados,2016-02-15,2016-12-31,3
GA,Gestión Aseo,,C,Externa,"La encuesta realizada en el servicio de aseo para conocer la percepción del cliente, se aplica a los usuarios que han realizado algún tipo de petición ,queja, reclamo o denuncia de alguna de las actividades de esta unidad, como verificación de las acciones tomadas. Sin embargo no obedece a la percepción de una muestra del total de usuarios de este servicio.",2016-02-22,2016-04-30,3
GA,Gestión Aseo,,C,Interna,"Al solicitar el plan de contingencia para el servicio de aseo, se informo que se tiene establecido un documento que se encuentra publicado en la pagina web. Este no se encuentra normalizado y no se actualiza desde el año 2012, en la actualidad se encuentra contratado su actualización pero los integrantes desconocen el contenido de ese",2016-03-01,2016-04-04,3
GA,Gestión Aseo,,C,Interna,No se cuenta con los recursos financieros que garanticen la adquisición de los equipos necesarios para el cumplimiento de la actividad de lavado de Áreas Públicas,2016-06-30,2017-06-30,3
GA,Gestión Aseo,,C,Interna Contratada,Se evidencia incumplimiento a la planificación del proceso (Numeral. 7.1) por cuanto se esta ejecutando la recolección de residuos solidos en un sector de la ciudad con desviaciones significativas con respeto a la macro ruta establecida situación que no se encuentra contemplada en el procedimiento y de la cual tampoco se evidencio acción preventiva para evitar el incumplimiento al requisito reglamentario.,2017-03-13,2017-12-30,3
GA,Gestión Aseo,,P,Interna Contratada,En el seguimiento al indicador de poda de arboles en el mes de septiembre se observa un incumplimiento a la meta,2017-10-10,2017-12-30,3
GA,Gestión Aseo,,P,Interna,En el seguimiento al indicador de poda de arboles en el mes de Diciembre se observa un incumplimiento a la meta,2017-12-15,2018-12-31,3
GA,Gestión Aseo,,P,Externa,En el seguimiento al indicador de poda de arboles en el mes de Enero a Diciembre de 2017 se observa un incumplimiento a la meta,2017-12-31,2017-12-31,4
GA,Gestión Aseo,,C,Interna Contratada,"No se evidencio seguimiento a: Guía de interventoría enviada por el Municipio para la revisión, desde el Mes de Noviembre y no se han enviado informes. a la acción de mejora planteado en el servicio de lavado de Áreas Publicas, según oficio GA_1859 del 17_11_20",2018-02-20,2018-12-31,4
GA,Gestión Aseo,,C,Externa,"8.5.6 Control de los Cambios. No se pudo evidenciar la delimitación de las obligaciones que EPA ESP y el Municipio tiene respeto al PGIRS, según la normatividad legal.",2018-02-20,2018-12-31,4
GA,Gestión Aseo,,C,Externa,"En la medición del indicador de lavado de Áreas Publicas para el primer semestre de 2018 se obtuvo un resultado del 75%, quedando por debajo del rango establecido para la toma de acciones correctivas.",2018-07-03,2018-12-31,4
GA,Gestión Aseo,,M,Interna Contratada,"La digitalización de la información del componente de disposición final ( Tiquetes de la bascula del relleno sanitario) se realiza en una hoja de Excel, herramienta en la cual es complejo y podría ser impreciso hacer la distribución de los pesos en los casos en que existen apoyos entre rutas y el peso de un tiquete debe distribuirse en mas de una ruta.",2018-10-02,2019-04-30,5
GA,Gestión Aseo,,M,Interna,"Se evidencia diligenciamiento incorrecto del registro reporte y gestión del producto, servicio y/o trabajo no conforme, codigo AM-R-010, dado que en el tratamiento del producto, servicio y/o trabajo no conforme en las acciones de correción no se diligencian las fechas de cierre, de seguimiento ni la firma de aprocación con el visto bueno del responsable en los campos establecidos dentro del formato para tal fin, se relaciona estas fechas de acciones y firma del responsable de la acción y de verificación en la pagina 2, en la verificación de la eficacia de las acciones implementadas.",2019-03-16,2019-12-31,5
GRTAR,Gestión Recolección y Transporte,,C,Externa,Se evidencia debilidad en la revisión de la información general para diseño construcción y entrega de obras ejecutadas por los constructores particulares para la prestación de los servicios de acueducto alcantarillado y aseo,2015-07-15,2015-12-31,5
GRTAR,Gestión Recolección y Transporte,,C,Externa,"Control del Producto y/ o Servicio no conforme. La entidad debe asegurarse que el producto y / o servicio que no sea conforme con los requisitos establecidos , se identifica y controla para prevenir su uso y entrega no intencionado. La entidad debe tratar los productos y/o Servicios no conforme identificado de acuerdo con sus características, Durante la auditoria no se evidencio el reporte y tratamiento del producto y / o no conforme: "" Daño Reiterativo en un Punto de Alcantarillado"" según lo establecido en el documento AM-P-005 Anexo 1",2016-11-28,2017-06-31,4
GRTAR,Gestión Recolección y Transporte,,C,Interna Contratada,"NC 7.4 Adquisición de Bienes y Servicios. 7.4.1 Proceso de Adquisición de Bienes y Servicio. La entidad debe asegurarse de que el producto y/o servicio adquirido cumple los requisitos especificado en los pliegos de condiciones, o en las disposiciones aplicables . el tipo y alcance del control aplicado al proveedor y producto y /o servicio adquirido debe depender de su impacto sobre: a) La realización del producto y / o prestación del servicio. 
  Al revisar el contrato129/2016 ""Mantenimiento Prestación de Servicio de Mantenimiento correctivo y Preventivo para equipo de video tipo Power"" no se evalúo el recibo a satisfacción del servicio, mediante el registro GG-R-006 ""Acta de recibo de servicio a satisfacción"" 
 b) El producto y / o servicio final :debe mantenerse los registros de los resultados de las evaluaciones y de cualquier acción necesaria derivada de estas. Al revisar el contrato clausulado N° 315/2015 para adquisición de moto bombas no cuenta con la evaluación de proveedores.",2016-11-28,2017-12-31,3
GPT,Gestión Planeación Técnica,,C,Interna,"No se ha avanzado meta la meta proyectada de la modelación de la calidad del agua en las redes de distribución desde 2010, cuando se alcanzó un avance en la digitalización de valores en los sectores de 60% en la modelación de la calidad de agua de los diferentes sectores de la ciudad, cuya meta es un 100% de recopilación en el mes de diciembre y no se ha comunicado al líder responsable.",2011-11-28,2012-03-30,4
GPT,Gestión Planeación Técnica,,C,Interna,No se evidencia avance de las actividades para la ejecución de las interventorías especiales y obras contratadas por la empresa.,2011-11-28,2012-03-30,3
GPT,Gestión Planeación Técnica,,C,Interna Contratada,"No se alcanzó el avance proyectado en la meta del Plan de Acción de 2012, correspondiente a la elaboración del PMAA. Módulos Formulación y Desarrollo del Servicio, Plan de Inversiones. Los cuales están bajo la responsabilidad del planeación Técnica.",2013-02-11,2013-12-31,3
GPT,Gestión Planeación Técnica,,C,Interna Contratada,No se evidencia seguimiento de la información relativa a la percepción del cliente respecto al cumplimiento de sus requisitos por parte del proceso.,2014-01-30,2014-06-30,3
GPT,Gestión Planeación Técnica,,C,Interna,"Al evaluar la actividad de presentación de Proyectos para financiación y/o Cofinanciación ante instancias Regionales, Nacionales, Internacionales, se solicito uno de los proyectos y presentaron la Optimización de Alcantarillado del Bario Bosques de Pinares Fase2 y la Patria en los que se evidencio:*Se presento al Ministerio de Vivienda Ciudad y Territorio, una de las causas de la devolución fue que no se había enviado las modificaciones solicitadas por esta entidad *No se evidencio el oficio donde se solicitaba modificaciones.*No se evidencio respuesta remitiendo las modificaciones*El Proyecto fue modificado y se envío a otra entidad para optar por recursos pero no se tiene documentadas los cambios.*Se informo que se había presupuestado por parte de dicho proyecto para ejecutar con recursos propios pero tampoco se evidencio dichos cambios.",2018-03-09,2018-04-30,2
GPT,Gestión Planeación Técnica,,C,Interna Contratada,"Al indagar por el cumplimiento del requisito de Diseño Y Desarrollo de los Servicios de Acueducto y alcantarillado. Aseo se evidencio en el Proyecto denominado Traslado de las Líneas Expresa de Occidente(Sector Macana) que:*Entre las entradas para el diseño no se tiene en cuenta las disponibilidades del Servicio de Acueducto existente en el proceso que puede generar un cambio en el diámetro se material, etc, de la Tuberia.*No se evidencia los controles de diseño y desarrollo, Revisiones ,Verificación, Validación,*No se evidencias los controles ejercidos por Gestión Planeación Técnica de los cambios en el Diseño y Desarrollo.",2018-03-09,2018-03-28,2
GPT,Gestión Planeación Técnica,,C,Interna,"Teniendo en cuenta el objetivo del Proceso el cual dice ""Orientaren Forma Eficaz los Planes y Programas para El Desarrollo Técnico y Ambiental de los Servicios Públicos Domiciliarios de Acueducto, Alcantarillado, Aseo. En el Municipio de Armenia, se pregunto por la Actualización y Socialización del Plan Maestro de Acueducto y Alcantarillado (PMAA) como Fuente Esencial para su alcance nos e evidencio avance para la vigencia del 2017.",2018-02-09,2018-04-20,2
GPT,Gestión Planeación Técnica,,C,Externa,"Al solicitar la Hoja de Vida, el instructivo de trabajo para la Estación de Topográfica PENTAX W825-NX,Relacionado en el plan de Verificación, Mantenimiento y Calibración de Equipo GPT-PP-003, Se Evidencio que este Equipo fue comprado para el momento en que se envié el Estación Total Pentax WB325-N a Ejecutar Mantenimiento y /o Calibración, hace aproximadamente 3 años, pero no se ha utilizado por falta de un manual de manejo.",2018-03-09,2018-05-28,3
GPT,Gestión Planeación Técnica,,C,Externa,No se dio cumplimiento a la meta de 25 días establecida para medir la oportunidad la expedición de la disponibilidades de los servicios de Acueducto y Alcantarillado a partir del momento de recepción de la solicitud.,2018-03-13,2018-12-31,3
GPT,Gestión Planeación Técnica,,C,Externa,"Comprensión de las necesidades y Expectativas de las partes interesadas: al solicitar la evaluación de las necesidades y expectaticas de las partes interesadas del proceso, no se pudo evidenciar.",2019-03-18,2019-04-04,3
GPT,Gestión Planeación Técnica,,C,Externa,Comprensión de la organización y su contexto: al solicitar el contexto del proceso no se evidencio.,2019-03-19,2019-04-04,3
GPT,Gestión Planeación Técnica,,C,Interna,Información documentada 7.5.2 Creación y actualización. c. la revisión y aprobación con respecto a la conveniencia y educación: Al evaluar los documentos establecido para la ejecución de las actividades de l proceso se evidencio que tiene la información documentada en el SGI desactualizada.,2019-03-19,2019-12-31,3
GPT,Gestión Planeación Técnica,,C,Interna,"8.3 Diseño y Desarrollo: al evaluar la ejecuciónde las acciones establecidas en el documento Ciclo del Diseño y desarrollo, interventoria y/o supervisión de un proyecto de obra de acueducto y alcantarillado GPT-D-002 y cuya responsabilidad es del proceso de Gestión Planeación Tecnica se pudo evidenciar su incumplimiento.",2019-03-21,2019-12-31,3
DF,Dirección de Financiamiento,,C,Externa,"Los documentos del sistema de gestión de calidad deben controlarse. Durante la auditoria realizada el 17 de diciembre de 2015,se encontró que algunos de los registros establecidos para proporcionar evidencia de la conformidad con los requisitos y con la operación eficaz del proceso, no se encuentran normalizados y por lo tanto no se pueden controlar.",2016-01-20,2016-07-31,3
DF,Dirección de Financiamiento,,C,Interna Contratada,"Seguimiento y medición de los procesos: 
 Al solicitar el avance del cumplimiento del cargue de la información relacionada con las NIIF en la plataforma SUI, se evidencio que a la fecha no se presenta ningún avance.",2016-12-07,2017-06-30,4
DCG,Dirección Control de Gestión,,C,Externa,"Análisis y Evaluación.Debilidad en el análisis y evaluación de los datos e información apropiados que surgen por el seguimiento y medición de las actividades realizadas para el fomento de la cultura de autocontrol, a travez de encuesta anual en los diferentes procesos de la empresa. Al solicitar evidencia de las actividades realizadas para el fomento de la cultura del autocontrol, se informó que se hace mediante mensajes en la intranet y se realiza una encuesta anual en los diferentes procesos de la empresa, se revisó la carpeta de las encuestas cuyas evidencias no se encuentran organizadas de tal forma que se pueda localizar en que procesos la encuesta fue no sabe, no responde o que desconocian que era autocontrol, lo que podria generar perdida de recursos o reprocesos, a si mismo la difusión en intranet del mensaje no es un medio qu e pueda llegar a todos los funcionarios de la empresa en especial la parte operativa que en muchos casos no tienen acceso a este medio y conocimiento de su manejo.",2019-02-11,2019-06-30,3
GR,Gestión de Recursos,,C,Interna Contratada,Se evidencio el no cumplimiento de mantenimientos preventivos en la programación 2017 de la PTAR.,2018-01-31,2018-12-31,4
GTH,Gestión Talento Humano,,C,Externa,"Se observan deficiencias en el programa de Compuhelmac, para pago de nómina, la funcionaria responsable de la actividad, debe revisar varias veces, lo que genera demora es este y otros procedimientos de Talento Humano",2015-03-12,2015-04-15,3
GTH,Gestión Talento Humano,,C,Interna Contratada,"Se evidencia matriz de peligros y riesgos con fecha de actualización de 15 de mayo de 2014, la cual el proceso manifiesta no haber participado en su aprobación y desconoce varios de los controles establecidos o no estar deacuerdo con los mismos. No existe guía de matriz de elementos de protección personal por cargo como establece la matriz. se revisa plan vial y transporte como control establecido para el riesgo de acciones de transito el cual el proceso manifiesta desconocer, la matriz de identificación de peligros, valoración de riesgos y determinación de controles, tiene tachado el riesgo trabajo en alturas, el proceso manifiesta que este riesgo no es aplicable a la forma en la cual se esta realizando la labor (vehículo ampliroll). se revisa el riesgo por derrumbe talud inestable, se evidencia que ya hay un concepto del comité local para la prevención y atención de desastres de mayo 8 de 2014. suscitado por un derrumbe mayo de 2014, la matriz establece una estabilización de talud que a la fecha no se ha realizado.",2016-02-11,2016-08-31,4
GTH,Gestión Talento Humano,,C,Interna Contratada,Analizando el consolidado anual de indicadores de SST año 2016; se evidenció que algunas metas fueron formuladas sin tener en cuenta líneas bases reales de años anteriores; por lo cual el rango de evaluación para la toma de decisiones no aporta elementos razonables. Tampoco cuentan con definiciones y observaciones puntuales del tema,2017-01-10,2017-12-31,3
GTH,Gestión Talento Humano,,C,Externa,"Realizando el seguimiento a la planificación Organizacional de Formación y Capacitación en Seguridad y Salud en el trabajo y desempeño laboral EPA ESP GTH PP 00, Versión 31, fechado 17 01 30, se evidencio que algunas actividades propuestas, no se cumplieron en las fechas determinadas, También se evidencio que varias necesidades de formaciones inducciones a todos los lideres de los procesos fueron solicitados por la Gestión Talento Humano y Análisis y Mejora para realizarse desde el mes de abril hasta terminar el año en curso, las cuales no se planificaron desde el inicio del año.",2017-08-18,2017-12-31,3
GTH,Gestión Talento Humano,,C,Externa,NC.7.1 Recursos 7.1.1. Generalidades Literal a la Organización debe considerar las capacidades y Limitaciones de los Recursos Internos Existentes. Durante la Auditoria se Evidencio que la oficina de seguridad y saud en el trabajo no cuenta con el analisis de la vida util de los Elementos de Protección Personal(EPP) Resaltando que en la empresa Se Ejecutan Actividades de Alto Riesgo para la Salud.,2018-01-29,2018-04-30,3
GTH,Gestión Talento Humano,,C,Interna Contratada,"N.C. 9.1.3 Análisis y Evaluación la Organización debe Analizar los Datos y Evaluar los Datos y la Información Apropiados que surgen por el Seguimiento y la Medición. Los Resultados del Análisis deben Utilizarse para Evaluar a) Si lo Planificado se a implementado de Forma Eficaz. Durante la auditoria se Evidencia el Incumplimiento a la Actividades Planificadas en el Documento GTH-PP-09 ""Planificación de Actividades de Seguridad y Salud En el Trabajo (CGSST)"" Con Relación a Implementación de Programas. Incumplimiento de Programas de Protección Contra Caídas GTH-D-004, No se han elaborados los Programas que se encuentran Establecidos en el Manual de Sistema de Gestión de Seguridad y Salud en el Trabajo (SG-SST)GTH-M-001.",2018-01-29,2018-12-31,2
GTH,Gestión Talento Humano,,P,Interna Contratada,"Se evidencio información del Sistema de Gestión de Calidad desactualizada, asi: Manual del Sistema de Gestión de Seguridad y Salud en el Trabajo SG-SST- GTH-M-001 Versión 5 hace referencia al documento Planificación de actividades del SG SST y este documento ya no existe. el documento Estructura de Comite Operatico de Emergencia COE de Empresas Publicas de Armenia ESP GTH-D-003 versión 1 se encontro información de funcionarios que ya no trabajan en la empresa, ejemplo Karol Paola Velez Zarate. Gestor Planta de Tratamiento, Elizabeth Lopez Rojas, Subgerente Administrativo, entre otros.",2019-02-12,2019-05-31,2
GTH,Gestión Talento Humano,,P,Interna,"No se garantiza la integridad de las hojas de vida archivadas, se observaron carpetas con manchas, las hojas pegadas y arrugadas, debido a que se presentan goteras en este sitio donde se almacenan(no están portegidas totalmente del agua).",2019-02-12,2019-12-31,2
GTH,Gestión Talento Humano,,P,Interna Contratada,"No se evidenció la planificación de la actividad de inspecciones de seguridad y salud en el trabajo, los registros lista de verificación actos inseguros GTH-R-015 diligenciados son de los meses junio, julio, agosto septiembre,octubre y noviembre del 2018 solo evidencian las inspecciones realizadas en el proceso de GTAR y solo se encontró un registro de visita realizada a la PTAP del dia 23 de agosto del 2018.",2019-02-28,2019-12-31,3
DPC,Dirección de Planeación Corporativa,,C,Interna,Los funcionarios de planta y pasantes que ingresan a trabajat y a realizar pasantia en la empresa no reciben inducción sobre el Sistema de Gestión Ambiental.,2019-09-09,2020-12-31,3
DPC,Dirección de Planeación Corporativa,,M,Interna,Durante las inspecciones ambientales en algunas sedes se identifico que se generan volumenes considerables de envases plasticos de bebidas y que no se cuentan con contenedores que permitan el acopio de estos de una forma mas practica.,2019-10-01,2020-12-31,3
DPC,Dirección de Planeación Corporativa,,C,Interna Contratada,"Durante las inspecicones ambientales en campo para la actividad de corte y poda de cesped y en la base de aseo, se identifico durante tres meses consegutivos que los recipientes que contienen sustancias quimicas combustibles y tiner se encontraban sin etiqueta que permitiera su identificación .",2019-10-09,2019-12-31,3
DPC,Dirección de Planeación Corporativa,,C,Interna Contratada,"Aunque se cuenta el protocolo de atención, no se evidencian los aspectos e impactos frente a obstrucción y colapso de la red de alcantarillado.",2019-11-21,2020-04-30,3
DPC,Dirección de Planeación Corporativa,,C,Interna Contratada,"No se evidencian los controles necesarios para el manejo de vertimientos de aceite, combustible al suelo y posteriormente al alcantarillado generado en el patio de taller de ASEO.",2019-11-21,2020-12-30,3
DPC,Dirección de Planeación Corporativa,,C,Interna Contratada,"No se evidencia la autorización de disposición de escombros en la Escombrera denominada Matusalen para el contrato de obra N° 003 de 2018 para la Intervención de las redes de acueducto en los Barrios Granada y La Adiela.
 No se evidencia la autorización de disposición de escombros para Contrato 003 de 2019 Reposición redes alcantarillado Barrio Limonar.
 No se evidencia la autorización de disposición de escombros para Contrato 002 de 2019 Reposición Cristales Cámaras 21 y 27.",2019-11-21,2020-12-31,3
DPC,Dirección de Planeación Corporativa,,C,Interna Contratada,No se evidencian los controles para el tratamiento de las aguas proveniente del lavado de vehículos en los patios de ASEO.,2019-11-21,2020-12-30,4
DPC,Dirección de Planeación Corporativa,,C,Interna Contratada,No se evidencia controles para el lavado de vehículos en Sede Corbones.,2019-11-21,2020-12-31,3
DPC,Dirección de Planeación Corporativa,,C,Interna,"No se evidencia la implementación de los controles sobre la medición de olor y ruido que se debe realizar anualmente, de acuerdo a la ficha ambiental GTAR-D-002 V1 para el control de la calidad del aire.
 No se evidencia la caracterización de lodos para el año 2018 generados en la PTAR.",2019-11-21,2020-12-31,4
DPC,Dirección de Planeación Corporativa,,C,Externa,"Aunque cuentan con una matriz de requisitos legales, no se evidencia la planificación para la toma de acciones de gestionar el permiso de vertimientos para el sistema de tratamiento de aguas residuales domésticas de Cabaña de bocatoma",2019-11-21,2020-12-31,3
DPC,Dirección de Planeación Corporativa,,C,Externa,"No se evidencia una correcta separación de residuos sólidos en la Sede Corbones. Se evidenció mezcla de residuos (ordinarios con reciclables), los cuales no permiten una correcta implementación del PGIRS.",2019-11-21,2020-12-31,4
DC,Dirección de Comunicaciones,,C,Interna,"Durante la contingencia presentada el 28 de enero en la que se suspendió el servicio de agua potable a los usuarios de EPA.ESP, la imagen corporativa de la empresa fue vulnerada y usada para generar falsas noticias que ocasiono pánico en los usuarios y demoras en el restablecimiento del servicio",2019-01-30,2019-12-30,3
AM,Análisis y Mejora,,C,Interna Contratada,"Después de la entrega y recibo del Puesto de Trabajo de la Dirección de Planeación Corporativa, se evidencio falencias en el Cuadro de Mandos de Empresas Publicas de Armenia ESP, debido a que no se habían incluido los indicadores de Corte y Poda de Césped, entre otros, lo que generaba problemas en la consolidación y distorsión en los resultados de la evaluación del Cuadro de Mando Integral de la Empresa.",2017-03-14,2017-04-24,3
LECA,Laboratorio de Ensayo de Calidad de Agua,,C,Interna,"En el seguimiento al plan de acción vigencia 2017 estado de plan de
 acción Enero, febrero y Marzo hasta el 18 de Abril el laboratorio establece el indicador del
 producto del proyecto= Número de Parámetros acreditados/Número de parámetros
 programados x 100.
 Al entrevistar al líder del laboratorio no contempla aumentar el número de parámetros programados a acreditar (3/3=1 x100=100), por lo tanto, está cumpliendo el indicador al 100% desde su Formulación. Incumpliendo el numeral 4.10 Mejora: El laboratorio
 debe mejorar continuamente la eficacia de su sistema de gestión mediante el uso de la política de la calidad, los objetivos de la calidad, los resultados de las auditorías, el análisis de los datos, las acciones correctivas preventivas y la revisión por la dirección.",2017-05-02,2017-05-22,3
LECA,Laboratorio de Ensayo de Calidad de Agua,,C,Externa,El Laboratorio no asegura que usa la ultima versión vigente de la Norma X,2018-01-01,2018-12-28,2